Site,Title,Company,Ratings,Reviews,Experience,Salary,Location,Description,Job_Post_History,URL
Naukri,Manager/Senior Manager - Data Analyst,Huquo Consulting Pvt. Ltd,3.3,8 Reviews,2-7 Yrs ,Not disclosed ,"Ahmedabad, Mumbai, Hyderabad/Secunderabad, Pune, Gurgaon/Gurugram, Jaipur, Delhi / NCR, Bangalore/Bengaluru ", BA / BS/ BTech minimum educational requirement Proficiency in Excel required Have prior...,3 Days Ago,https://www.naukri.com/job-listings-manager-senior-manager-data-analyst-huquo-consulting-pvt-ltd-mumbai-hyderabad-secunderabad-pune-gurgaon-gurugram-ahmedabad-jaipur-delhi-ncr-bangalore-bengaluru-2-to-7-years-120123913028
Naukri,Data Analyst - Python/Power BI,Huquo Consulting Pvt. Ltd,3.3,8 Reviews,5-10 Yrs ,Not disclosed ,"Ahmedabad, Kolkata, Mumbai, Hyderabad/Secunderabad, Lucknow, Chennai, Bangalore/Bengaluru, Delhi / NCR ", Min 5+ years of relevant experience in understanding applications from end-to-end persp...,11 Days Ago,https://www.naukri.com/job-listings-data-analyst-python-power-bi-huquo-consulting-pvt-ltd-kolkata-mumbai-hyderabad-secunderabad-lucknow-chennai-ahmedabad-bangalore-bengaluru-delhi-ncr-5-to-10-years-040123907354
Naukri,Data Analyst,Experis,,,3-6 Yrs ,Not disclosed ,"Hybrid - Ahmedabad, Noida, Ghaziabad, Panchkula, Agra, Faridabad, Gurgaon/Gurugram(Sector-24 Gurgaon), Shimla, Delhi / NCR ", This role would be 3 PM -12 AM (IST) shift toRequirement gathering and evaluation of cl...,2 Days Ago,https://www.naukri.com/job-listings-data-analyst-experis-noida-ghaziabad-panchkula-agra-faridabad-ahmedabad-gurgaon-gurugram-shimla-delhi-ncr-3-to-6-years-130123005251
Naukri,Data Analyst,S&P Global Inc.,4.3,1059 Reviews,0-6 Yrs ,Not disclosed ,Ahmedabad , Willing to work in 24*5 environment on rotational shifts Graduate / MBA / PGDM (Finance...,9 Days Ago,https://www.naukri.com/job-listings-data-analyst-s-p-global-inc-ahmedabad-0-to-6-years-060123501179
Naukri,Data Analyst - SQL/Metadata/ETL Tools,Huquo Consulting Pvt. Ltd,3.3,8 Reviews,3-8 Yrs ,Not disclosed ,"Ahmedabad, Kolkata, Mumbai, Pune, Chennai, Gurgaon/Gurugram, Delhi / NCR, Bangalore/Bengaluru ", Experience with relational database designmodeling using tools such as ERstudio or ERwi...,3 Days Ago,https://www.naukri.com/job-listings-data-analyst-sql-metadata-etl-tools-huquo-consulting-pvt-ltd-kolkata-mumbai-pune-chennai-ahmedabad-gurgaon-gurugram-delhi-ncr-bangalore-bengaluru-3-to-8-years-120123912615
Naukri,Financial Data Analyst / Financial Analyst,Apttus,4.3,44 Reviews,5-7 Yrs ,Not disclosed ,Ahmedabad , Responsibilities:Manage and maintain the entire ARR monthly reporting cycle including A...,4 Days Ago,https://www.naukri.com/job-listings-financial-data-analyst-financial-analyst-conga-software-private-limited-ahmedabad-5-to-7-years-110123908451
Naukri,Lead Data Analyst,Hi-tech Digital Solutions Llp,4.1,195 Reviews,4-9 Yrs ,Not disclosed ,Hybrid - Ahmedabad(Prahlad Nagar) ," Experience in handling reporting packages like Business Objects, programming (Javascrip...",4 Days Ago,https://www.naukri.com/job-listings-lead-data-analyst-hi-tech-digital-solutions-llp-ahmedabad-4-to-9-years-110123012121
Naukri,Data Analyst,S&P Global Inc.,4.3,1059 Reviews,1-6 Yrs ,Not disclosed ,Ahmedabad , Minimum of a Bachelors / College degree The candidate must have a positive attitude tow...,5 Days Ago,https://www.naukri.com/job-listings-data-analyst-s-p-global-inc-ahmedabad-1-to-6-years-100123500671
Naukri,Senior Data Analyst,Huptech HR Solutions,,,4-9 Yrs ,Not disclosed ,Ahmedabad , Intermediate Level of Experience in Python Development: MustHands-on experience with SQ...,9 Days Ago,https://www.naukri.com/job-listings-senior-data-analyst-huptech-hr-solutions-ahmedabad-4-to-9-years-060123912143
Naukri,Senior Data Analyst,Huptech HR Solutions,,,3-6 Yrs ,Not disclosed ,Hybrid - Ahmedabad , Responsibility:-Intermediate Level of Experience in Python Development: MustHands-on ex...,9 Days Ago,https://www.naukri.com/job-listings-senior-data-analyst-huptech-hr-solutions-ahmedabad-3-to-6-years-060123909230
Naukri,Senior Data Analyst,Huptech HR Solutions,,,4-8 Yrs ,Not disclosed ,Hybrid - Ahmedabad , Responsibility:-Intermediate Level of Experience in Python Development: MustHands-on ex...,13 Days Ago,https://www.naukri.com/job-listings-senior-data-analyst-huptech-hr-solutions-ahmedabad-4-to-8-years-020123906007
Naukri,Manager / Senior Manager - Data Analyst,Huquo Consulting Pvt. Ltd,3.3,8 Reviews,2-7 Yrs ,Not disclosed ,"Ahmedabad, Mumbai, Hyderabad/Secunderabad, Pune, Gurgaon/Gurugram, Jaipur, Delhi / NCR, Bangalore/Bengaluru ", BA / BS/BTech minimum educational requirement Proficiency in Excel required Have prior ...,30+ Days Ago,https://www.naukri.com/job-listings-manager-senior-manager-data-analyst-huquo-consulting-pvt-ltd-mumbai-hyderabad-secunderabad-pune-gurgaon-gurugram-ahmedabad-jaipur-delhi-ncr-bangalore-bengaluru-2-to-7-years-291122908798
Naukri,Senior Data Analyst,Huptech HR Solutions,,,3-6 Yrs ,Not disclosed ,Ahmedabad , Should have knowledge of data-cleaning processes and tools Should be able to guide the ...,19 Days Ago,https://www.naukri.com/job-listings-senior-data-analyst-huptech-hr-solutions-ahmedabad-3-to-6-years-271222911456
Naukri,Senior Data Analyst - SQL/Python,Huptech HR Solutions,,,4-6 Yrs ,Not disclosed ,"Ahmedabad, Pune ", Experience: 4 to 6 yearsResponsibility :Experience : 3 to 6 years - Intermediate Level ...,19 Days Ago,https://www.naukri.com/job-listings-senior-data-analyst-sql-python-huptech-hr-solutions-pune-ahmedabad-4-to-6-years-271222911454
Naukri,Senior Data Analyst - SQL/Python,Huptech HR Solutions,,,4-6 Yrs ,Not disclosed ,"Ahmedabad, Pune, Rajasthan ", Should have knowledge of data-cleaning processes and tools Should be able to guide the ...,23 Days Ago,https://www.naukri.com/job-listings-senior-data-analyst-sql-python-huptech-hr-solutions-pune-ahmedabad-rajasthan-4-to-6-years-231222906622
Naukri,Senior Data Analyst,Mastermind Network,,,5-8 Yrs ,"18,00,000 - 22,50,000 PA. ",Ahmedabad , Roles and Responsibilities The Role will perform data analysis on the HR and organizati...,25 Days Ago,https://www.naukri.com/job-listings-senior-data-analyst-mastermind-network-ahmedabad-5-to-8-years-211222005060
Naukri,Data Analyst - Data Visualization & Reporting,Global Employees,,,5-10 Yrs ,Not disclosed ,"Ahmedabad, Kolkata, Mumbai, Hyderabad/Secunderabad, Pune, Chennai, Delhi / NCR, Bangalore/Bengaluru ", build solutions to have the maximum scale and self-service ability by partners Must be ...,30+ Days Ago,https://www.naukri.com/job-listings-data-analyst-data-visualization-reporting-global-employees-kolkata-mumbai-hyderabad-secunderabad-pune-chennai-ahmedabad-delhi-ncr-bangalore-bengaluru-5-to-10-years-281122906981
Naukri,Data Analyst,Bsharp,4.2,2 Reviews,0-1 Yrs ,Not disclosed ,"Ahmedabad, Hyderabad/Secunderabad, Bangalore/Bengaluru ", Non-Engineering Bachelors degree Call out for specific actions when required 0 to 6 mon...,30+ Days Ago,https://www.naukri.com/job-listings-data-analyst-bsharp-sales-enablers-hyderabad-secunderabad-ahmedabad-bangalore-bengaluru-0-to-1-years-101122501949
Naukri,Data Analyst - Python/Artificial Intelligence,Imindyourbusiness,,,0-2 Yrs ,Not disclosed ,"Ahmedabad, Kolkata, Mumbai, Visakhapatnam, Hyderabad/Secunderabad, Pune, Chennai, Delhi / NCR, Bangalore/Bengaluru ", Candidates must have ability to work from home and also in a position to use their pers...,18 Days Ago,https://www.naukri.com/job-listings-data-analyst-python-artificial-intelligence-imindyourbusiness-kolkata-mumbai-visakhapatnam-vizag-hyderabad-secunderabad-pune-chennai-ahmedabad-delhi-ncr-bangalore-bengaluru-0-to-2-years-281222906791
Naukri,Data Analyst - Python / Artificial Intelligence,Imindyourbusiness,,,0-2 Yrs ,Not disclosed ,"Ahmedabad, Kolkata, Mumbai, Hyderabad/Secunderabad, Lucknow, Chennai, Delhi / NCR, Bangalore/Bengaluru ", Candidates must have ability to work from home and also in a position to use their pers...,18 Days Ago,https://www.naukri.com/job-listings-data-analyst-python-artificial-intelligence-imindyourbusiness-kolkata-mumbai-hyderabad-secunderabad-lucknow-chennai-ahmedabad-delhi-ncr-bangalore-bengaluru-0-to-2-years-281222906763
Naukri,Data Analyst,S&P Global Inc.,4.3,1059 Reviews,0-2 Yrs ,Not disclosed ,"Ahmedabad, Hyderabad/Secunderabad, Gurgaon/Gurugram ", Willing to work in 24*5 environment on rotational shifts MBA Fresher (0-6 months experi...,30+ Days Ago,https://www.naukri.com/job-listings-data-analyst-s-p-global-inc-hyderabad-secunderabad-gurgaon-gurugram-ahmedabad-0-to-2-years-281122504322
Naukri,Data Analyst,Post A Resume,4.3,14 Reviews,0-4 Yrs ,Not disclosed ,Ahmedabad , Education: Graduation 3 Well versed in MIS Experience: 2 to 4 1 Good Analytical skill2 ...,30+ Days Ago,https://www.naukri.com/job-listings-data-analyst-post-a-resume-hr-consultancy-ahmedabad-0-to-4-years-141119500682
Naukri,Data Analyst,S&P Global Inc.,4.3,1059 Reviews,0-6 Yrs ,Not disclosed ,Ahmedabad , Data is sourced from various Sources/Vendors and hence it becomes imperative to collect...,30+ Days Ago,https://www.naukri.com/job-listings-data-analyst-s-p-global-inc-ahmedabad-0-to-6-years-091222502092
Naukri,Data Analyst or Business Data Analyst,Icreate,4.5,3 Reviews,3-7 Yrs ,Not disclosed ,Ahmedabad , Knowledge of statistics and experience using statistical packages for analyzing dataset...,30+ Days Ago,https://www.naukri.com/job-listings-data-analyst-or-business-data-analyst-icreate-ahmedabad-3-to-7-years-210322501720
Naukri,Senior Data Analyst - SQL/Tableau,Global Employees,,,7-12 Yrs ,Not disclosed ,"Temp. WFH - Ahmedabad, Kolkata, Mumbai, Hyderabad/Secunderabad, Pune, Chennai, Bangalore/Bengaluru, Delhi / NCR "," Experience (3+ years, 4 Preferred) in a hands-on analytical role with a focus on analyz...",30+ Days Ago,https://www.naukri.com/job-listings-senior-data-analyst-sql-tableau-global-employees-kolkata-mumbai-hyderabad-secunderabad-pune-chennai-ahmedabad-bangalore-bengaluru-delhi-ncr-7-to-12-years-281122907208
Naukri,"Senior Analyst, Data Analytics",Wirewebs Digital Solutions,,,3-6 Yrs ,Not disclosed ,Ahmedabad ," Strong knowledge of and experience with Excel, databases (Redshift, Oracle etc.)Finance...",30+ Days Ago,https://www.naukri.com/job-listings-senior-analyst-data-analytics-wirewebs-digital-solutions-ahmedabad-3-to-6-years-161020501038
Naukri,Consultant/Sr. Consultant - Data Analyst,ResourceTree Global Services,,,5-10 Yrs ,Not disclosed ,"Ahmedabad, Kolkata, Mumbai, Hyderabad/Secunderabad, Pune, Chennai, Delhi / NCR, Bangalore/Bengaluru "," Bachelors Degree in Engineering, Computer Science or related disciplines with strong ma...",30+ Days Ago,https://www.naukri.com/job-listings-consultant-sr-consultant-data-analyst-resourcetree-global-services-kolkata-mumbai-hyderabad-secunderabad-pune-chennai-ahmedabad-delhi-ncr-bangalore-bengaluru-5-to-10-years-021222908480
Naukri,Data Analyst / Web Research Analyst / Procurement Analyst in Ahmedabad,Adeshara Outsourcing Solutions,,,0-5 Yrs ,"2,25,000 - 3,25,000 PA. ",Ahmedabad(Navrangpura) , Adeshara Outsourcing Solutions PVT LTD (BPO / KPO) based in Ahmedabad is looking for Gr...,23 Days Ago,https://www.naukri.com/job-listings-data-analyst-web-research-analyst-procurement-analyst-in-ahmedabad-adeshara-outsourcing-solutions-ahmedabad-0-to-5-years-231222004353
Naukri,Data Analyst,Milestone Internet Marketing,3.6,21 Reviews,2-5 Yrs ,Not disclosed ,"Ahmedabad, Bangalore/Bengaluru ", Experienced data analyst with a minimum 2+ years of hands-on experience in tracking imp...,30+ Days Ago,https://www.naukri.com/job-listings-data-analyst-milestone-internet-marketing-pvt-ltd-ahmedabad-bangalore-bengaluru-2-to-5-years-231021500390
Naukri,Associate Data Analyst,Otis,4.2,486 Reviews,3-8 Yrs ,Not disclosed ,"Ahmedabad, Hyderabad/Secunderabad, Bangalore/Bengaluru ", This position is primarily responsible for: Functional and Technical Knowledge of Oracl...,30+ Days Ago,https://www.naukri.com/job-listings-associate-data-analyst-otis-hyderabad-secunderabad-ahmedabad-bangalore-bengaluru-3-to-8-years-290721501051
Naukri,Data Analyst,Milestone Internet Marketing,3.6,21 Reviews,2-7 Yrs ,Not disclosed ,"Ahmedabad, Bangalore/Bengaluru ", Bachelor s degree in Computer Science or Engineering Experience in working with marketi...,30+ Days Ago,https://www.naukri.com/job-listings-data-analyst-milestone-internet-marketing-pvt-ltd-ahmedabad-bangalore-bengaluru-2-to-7-years-170822502990
Naukri,Data Analyst - Python/Pandas,Career Infosystem,,,2-4 Yrs ,Not disclosed ,"Ahmedabad, Kolkata, Mumbai, Hyderabad/Secunderabad, Lucknow, Chennai, Delhi / NCR, Bangalore/Bengaluru "," Develop and coordinate the design, development and integration for Wealth and Trust app...",17 Days Ago,https://www.naukri.com/job-listings-data-analyst-python-pandas-career-infosystem-kolkata-mumbai-hyderabad-secunderabad-lucknow-chennai-ahmedabad-delhi-ncr-bangalore-bengaluru-2-to-4-years-291222906538
Naukri,Data Analyst - Python / Power BI,Huquo Consulting Pvt. Ltd,,,5-10 Yrs ,Not disclosed ,"Ahmedabad, Kolkata, Mumbai, Hyderabad/Secunderabad, Pune, Chennai, Delhi / NCR, Bangalore/Bengaluru ", Min 5+ years of relevant experience in understanding applications from end-to-end persp...,23 Days Ago,https://www.naukri.com/job-listings-data-analyst-python-power-bi-huquo-consulting-pvt-ltd-kolkata-mumbai-hyderabad-secunderabad-pune-chennai-ahmedabad-delhi-ncr-bangalore-bengaluru-5-to-10-years-231222912861
Naukri,Senior Data Science Analyst,Otis,4.2,486 Reviews,3-7 Yrs ,Not disclosed ,"Ahmedabad, Hyderabad, Bengaluru "," Education: Bachelors or Masters in Engineering, data science, statistics, applied math ...",30+ Days Ago,https://www.naukri.com/job-listings-senior-data-science-analyst-otis-hyderabad-secunderabad-ahmedabad-bengaluru-bangalore-3-to-7-years-080121500742
Naukri,Data Analyst,Quickxpert Infotech,3.4,29 Reviews,0-5 Yrs ,Not disclosed ,"Ahmedabad, Kolkata, Indore, Hyderabad/Secunderabad, Pune, Chennai, Bangalore/Bengaluru, Delhi / NCR, Mumbai (All Areas) ", We have immediate openings for Data Analyst Trainees for our clients. Interested candid...,9 Days Ago,https://www.naukri.com/job-listings-data-analyst-quickxpert-infotech-kolkata-indore-hyderabad-secunderabad-pune-ahmedabad-chennai-bangalore-bengaluru-delhi-ncr-mumbai-all-areas-0-to-5-years-200722010262
Naukri,Data Analyst,Spearline,5.0,23 Reviews,2-6 Yrs ,Not disclosed ,Ahmedabad ," Reporting to the Data Science Team Lead, we are seeking an experienced Data Analyst who...",30+ Days Ago,https://www.naukri.com/job-listings-data-analyst-spearline-ahmedabad-2-to-6-years-171122501756
Naukri,Data Analyst (Advance Excel),Silver Oak University,4.3,4 Reviews,1-6 Yrs ,Not disclosed ,Ahmedabad , Minimum qualifications:Any graduate degree.Excellent MS Office skills (Advanced Excel I...,18 Days Ago,https://www.naukri.com/job-listings-data-analyst-advance-excel-silver-oak-university-ahmedabad-1-to-6-years-281222010722
Naukri,Data Analyst,Skillety,3.8,3 Reviews,3-4 Yrs ,Not disclosed ,Ahmedabad , Proficiency in SQL to query and transform data4 years relevant industry experience with...,30+ Days Ago,https://www.naukri.com/job-listings-data-analyst-skillety-ahmedabad-3-to-4-years-131222500135
Naukri,Data Analyst,Proclink,4.6,11 Reviews,4-8 Yrs ,Not disclosed ,"Ahmedabad, Hyderabad/Secunderabad ", Experience in providing solution architecture describing the problem statement and appr...,30+ Days Ago,https://www.naukri.com/job-listings-data-analyst-proclink-consulting-services-llp-hyderabad-secunderabad-ahmedabad-4-to-8-years-300822502528
Naukri,Data Analyst,Advanced Risk Analytics,,,2-6 Yrs ,Not disclosed ,Ahmedabad ," Candidate should have: Knowledge of catastrophe data collection like Flood data, Earthq...",30+ Days Ago,https://www.naukri.com/job-listings-data-analyst-advanced-risk-analytics-private-limited-ahmedabad-2-to-6-years-260318501976
Naukri,Insurance Data Analyst,Xduce Infotech,4.9,2 Reviews,2-3 Yrs ,Not disclosed ,"Ahmedabad, Remote "," The Data Analyst must be able to identify, define and employ an analytical strategy to ...",30+ Days Ago,https://www.naukri.com/job-listings-insurance-data-analyst-xduce-ahmedabad-remote-2-to-3-years-240522500136
Naukri,Data Analyst,Aaneel Infotech,4.6,9 Reviews,1-7 Yrs ,Not disclosed ,Ahmedabad , Good understanding of database architecture would be preferredExperience to conlude dat...,30+ Days Ago,https://www.naukri.com/job-listings-data-analyst-aaneel-infotech-private-limited-ahmedabad-1-to-7-years-160622500670
Naukri,Data Analyst,Samyak Infotech,4.7,15 Reviews,3-5 Yrs ,Not disclosed ,Ahmedabad ," E / BTech / MTech in Computer Science, Information Systems, Machine Learning, Statistic...",30+ Days Ago,https://www.naukri.com/job-listings-data-analyst-samyak-infotech-pvt-ltd-ahmedabad-3-to-5-years-160522501947
Naukri,Data Mining - Data Analyst,Place1india Hr Solutions,,,1-3 Yrs ,Not disclosed ,Ahmedabad , Having good communication skills in English,30+ Days Ago,https://www.naukri.com/job-listings-data-mining-data-analyst-place1india-hr-solutions-ahmedabad-ahmedabad-1-to-3-years-140922502011
Naukri,Data Analyst,Atharva Systems,5.0,5 Reviews,3-8 Yrs ,Not disclosed ,Ahmedabad , Must know SQL (Intermediate to Advanced) and basic concepts of object oriented programm...,30+ Days Ago,https://www.naukri.com/job-listings-data-analyst-atharva-system-ahmedabad-3-to-8-years-260722501743
Naukri,Data Analyst,Legalwiz.in,4.8,3 Reviews,1-3 Yrs ,Not disclosed ,Ahmedabad , A drive to learn and master new technologies and techniquesBachelor s / Masters degree ...,30+ Days Ago,https://www.naukri.com/job-listings-data-analyst-legalwiz-ahmedabad-1-to-3-years-241120501147
Naukri,Data Research Analyst,Applycup Hiring Solutions Llp,4.9,16 Reviews,0-1 Yrs ,Not disclosed ,Ahmedabad , Bachelor degree in business or related field of studyAny GraduateExperience in project ...,20 Days Ago,https://www.naukri.com/job-listings-data-research-analyst-applycup-hiring-solutions-llp-ahmedabad-0-to-1-years-261222500441
Naukri,Looking For Data Analyst/Freelancer,Eitcafe,,,8-13 Yrs ,Not disclosed ,"Ahmedabad, Hyderabad/Secunderabad, Chennai, Bangalore/Bengaluru, Mumbai (All Areas) ", We are looking for a Data Analyst with 6 to 10 years of working experience for an onlin...,27 Days Ago,https://www.naukri.com/job-listings-looking-for-data-analyst-freelancer-eitcafe-hyderabad-secunderabad-ahmedabad-chennai-bangalore-bengaluru-mumbai-all-areas-8-to-13-years-191222009031
Naukri,Data Analyst,AR Consultant,,,3-6 Yrs ,"5,00,000 - 10,00,000 PA. ",Hybrid - Ahmedabad ," Must have Exp in Python Devp, SQL, Tableau & Google sheets",18 Days Ago,https://www.naukri.com/job-listings-data-analyst-ar-consultant-ahmedabad-3-to-6-years-281222013794
Naukri,ABAP O Data Analyst,Acme Hr Consulting,,,3-5 Yrs ,Not disclosed ,Ahmedabad , Getting the business Requirement document from functional consultant / functional analy...,30+ Days Ago,https://www.naukri.com/job-listings-abap-o-data-analyst-acme-hr-consulting-ahmedabad-3-to-5-years-301122503026
Naukri,Sr. Research Associate -  Bioinformatics  (NGS Data Analysis) ,Xcelris Genomics,,,2-4 Yrs ,Not disclosed ,Ahmedabad , Profound experience in analyzing data generated on Illuminas platforms;Proficiency and ...,30+ Days Ago,https://www.naukri.com/job-listings-sr-research-associate-bioinformatics-ngs-data-analysis-xcelris-diagnostics-ahmedabad-2-to-4-years-150716500490
Naukri,Senior Business Analyst Role,Huquo Consulting Pvt. Ltd,,,1-3 Yrs ,Not disclosed ,"Ahmedabad, Kolkata, Mumbai, Visakhapatnam, Hyderabad/Secunderabad, Pune, Chennai, Delhi / NCR, Bangalore/Bengaluru ", Experience with popular web application Must be able to clearly document functional req...,3 Days Ago,https://www.naukri.com/job-listings-senior-business-analyst-role-huquo-consulting-pvt-ltd-kolkata-mumbai-visakhapatnam-vizag-hyderabad-secunderabad-pune-chennai-ahmedabad-delhi-ncr-bangalore-bengaluru-1-to-3-years-120123912675
Naukri,Business Analyst,Intellial,3.2,7 Reviews,0-1 Yrs ,Not disclosed ,Ahmedabad , Designation: Business Analyst Key skills Required: Act as a customer s representative i...,30+ Days Ago,https://www.naukri.com/job-listings-business-analyst-intellial-solutions-pvt-ltd-ahmedabad-0-to-1-years-240620500241
Naukri,Business Analyst,"HyFun Foods, Unit of Asandas and Sons Pvt Ltd,",4.4,80 Reviews,2-5 Yrs ,"3,00,000 - 6,00,000 PA. ",Ahmedabad(Thaltej-Shilaj Road) ," Should build, develop and maintain data models, reporting system, dashboards and perfor...",9 Days Ago,https://www.naukri.com/job-listings-business-analyst-hyfun-foods-unit-of-asandas-and-sons-pvt-ltd-ahmedabad-2-to-5-years-060123009122
Naukri,Data/Market Research Analysts,Surekha Technologies,4.5,14 Reviews,3-8 Yrs ,Not disclosed ,Ahmedabad , Must be able to interpret large amounts of data3+ Years of Proven Market Research Analy...,30+ Days Ago,https://www.naukri.com/job-listings-data-market-research-analysts-surekha-technologies-ahmedabad-3-to-8-years-310720501533
Naukri,Business Analyst,DCS,4.3,25 Reviews,2-7 Yrs ,Not disclosed ,Ahmedabad ," Looking for candidates who have worked as business analysts, project managers, team lea...",30+ Days Ago,https://www.naukri.com/job-listings-business-analyst-data-cross-solution-ahmedabad-2-to-7-years-031218500596
Naukri,Business Analyst,DCS,4.3,25 Reviews,2-7 Yrs ,Not disclosed ,Ahmedabad ," Job Description Looking for candidates who have worked as business analysts, project ma...",30+ Days Ago,https://www.naukri.com/job-listings-business-analyst-data-cross-solution-ahmedabad-2-to-7-years-020216501484
Naukri,Business Analyst,Kapil Consultancy,1.6,17 Reviews,0-3 Yrs ,Not disclosed ,Ahmedabad ," Makes process improvement recommendations to management, drives consistency and improve...",30+ Days Ago,https://www.naukri.com/job-listings-business-analyst-kapil-consultancy-ahmedabad-0-to-3-years-011222502244
Naukri,Business Analyst,RK Hr Management,,,0-1 Yrs ,"1,00,000 - 2,25,000 PA. ",Ahmedabad(Prahlad Nagar) , Business Valuation Working and Report Feasibility Study Report Internal Control System ...,27 Days Ago,https://www.naukri.com/job-listings-business-analyst-rk-hr-management-ahmedabad-0-to-1-years-191222008698
Naukri,Senior Analyst/Assistant Manager/Manager - Digital Analytics - KPO,PYLON Management Consulting Private Limited,,,2-7 Yrs ,Not disclosed ,"Ahmedabad, Kolkata, Mumbai, Pune, Chennai, Gurgaon/Gurugram, Delhi / NCR, Bangalore/Bengaluru "," Manage end-to-end digital performance tracking, including the planning, coordination, i...",30+ Days Ago,https://www.naukri.com/job-listings-senior-analyst-assistant-manager-manager-digital-analytics-kpo-pylon-management-consulting-private-limited-kolkata-mumbai-pune-chennai-ahmedabad-gurgaon-gurugram-delhi-ncr-bangalore-bengaluru-2-to-7-years-291122912101
Naukri,Data Engineer,Applycup Hiring Solutions Llp,4.9,16 Reviews,0-2 Yrs ,Not disclosed ,Ahmedabad , Build distributed and highly parallelized Big Data ingestion and processing pipelines t...,20 Days Ago,https://www.naukri.com/job-listings-data-engineer-applycup-hiring-solutions-llp-ahmedabad-0-to-2-years-261222500437
Naukri,Gis analyst/Senior Gis analyst,Amnex Infotechnologies,2.7,13 Reviews,0-5 Yrs ,Not disclosed ,Ahmedabad ," Key Role Job Description Digitisation, editing and spatial data analysis Capture, on th...",30+ Days Ago,https://www.naukri.com/job-listings-gis-analyst-senior-gis-analyst-amnex-infotechnologies-ahmedabad-0-to-5-years-221019501885
Naukri,Senior Executive Sales Analyst,Symphony Corporation,3.5,6 Reviews,1-5 Yrs ,Not disclosed ,Ahmedabad , CRM activities and Mobile application management: 1) Maintain CRM platform 2) Generate ...,30+ Days Ago,https://www.naukri.com/job-listings-senior-executive-sales-analyst-symphony-corporation-ahmedabad-1-to-5-years-151222612518
Naukri,Senior Executive Sales Analyst,Symphony Corporation,3.5,6 Reviews,1-5 Yrs ,Not disclosed ,Ahmedabad , CRM activities and Mobile application management: 1) Maintain CRM platform 2) Generate ...,30+ Days Ago,https://www.naukri.com/job-listings-senior-executive-sales-analyst-symphony-corporation-ahmedabad-1-to-5-years-151222012516
Naukri,Sr Business Analyst,Applycup Hiring Solutions Llp,4.9,16 Reviews,3-4 Yrs ,Not disclosed ,Ahmedabad , Having hand-on experience creating conceptual prototypes and mock-ups would be an advan...,20 Days Ago,https://www.naukri.com/job-listings-sr-business-analyst-applycup-hiring-solutions-llp-ahmedabad-3-to-4-years-261222503278
Naukri,Senior Data Engineer - SQL & Python,Zorba Consulting India,,,3-5 Yrs ,Not disclosed ,"Ahmedabad, Kolkata, Mumbai, Visakhapatnam, Hyderabad/Secunderabad, Pune, Chennai, Delhi / NCR, Bangalore/Bengaluru ", We are looking for a Sr. Data Engineer SQL+Python to join our team on immediate basis (...,18 Days Ago,https://www.naukri.com/job-listings-senior-data-engineer-sql-python-zorba-consulting-india-kolkata-mumbai-visakhapatnam-vizag-hyderabad-secunderabad-pune-chennai-ahmedabad-delhi-ncr-bangalore-bengaluru-3-to-5-years-281222909809
Naukri,Senior Azure Data Engineer,Zymr Systems,3.6,52 Reviews,5-10 Yrs ,Not disclosed ,"Ahmedabad, Pune, Bangalore/Bengaluru "," Over 4 years of professional experience conducting statistical analysis, data engineeri...",19 Days Ago,https://www.naukri.com/job-listings-senior-azure-data-engineer-zymr-systems-pune-ahmedabad-bangalore-bengaluru-5-to-10-years-271222008779
Naukri,Senior Data Engineer,Kaarlo Training & HR Solutions Pvt. Ltd,,,8-12 Yrs ,Not disclosed ,"Ahmedabad, Kolkata, Mumbai, Hyderabad/Secunderabad, Pune, Chennai, Delhi / NCR, Bangalore/Bengaluru "," Job Description: To work in a variety of settings to build systems that collect, manage...",30+ Days Ago,https://www.naukri.com/job-listings-senior-data-engineer-kaarlo-training-hr-solutions-pvt-ltd-kolkata-mumbai-hyderabad-secunderabad-pune-chennai-ahmedabad-delhi-ncr-bangalore-bengaluru-8-to-12-years-231122907981
Naukri,Senior Data Engineer,Apttus,4.3,44 Reviews,7-12 Yrs ,Not disclosed ,"Ahmedabad, Pune, Bangalore/Bengaluru "," Bachelors in computer science or related field, and a demonstrated pursuit of related c...",30+ Days Ago,https://www.naukri.com/job-listings-senior-data-engineer-apttus-pune-ahmedabad-bangalore-bengaluru-7-to-12-years-141222501733
Naukri,Lead/ Senior Azure Data Engineer,Zymr Systems,3.6,52 Reviews,6-11 Yrs ,Not disclosed ,"Ahmedabad, Pune, Bangalore/Bengaluru "," Over 4 years of professional experience conducting statistical analysis, data engineeri...",30+ Days Ago,https://www.naukri.com/job-listings-lead-senior-azure-data-engineer-zymr-systems-pune-ahmedabad-bangalore-bengaluru-6-to-11-years-131222009650
Naukri,Data Scientist - Spark/Python/Redshift,Career Infosystem,,,6-9 Yrs ,Not disclosed ,"Ahmedabad, Kolkata, Mumbai, Hyderabad/Secunderabad, Pune, Chennai, Bangalore/Bengaluru, Delhi / NCR "," Job OverviewWe are looking for a Data Scientist who will support our product, sales, le...",19 Days Ago,https://www.naukri.com/job-listings-data-scientist-spark-python-redshift-career-infosystem-kolkata-mumbai-hyderabad-secunderabad-pune-chennai-ahmedabad-bangalore-bengaluru-delhi-ncr-6-to-9-years-271222907042
Naukri,Business Analyst - Corporate Governance Industry - IIM/ISB/MDI/FMS,Primo Hiring,,,1-3 Yrs ,Not disclosed ,"Ahmedabad, Kolkata, Mumbai, Hyderabad/Secunderabad, Pune, Delhi / NCR, Bangalore/Bengaluru ", Proven experience in eliciting requirements and testing 1-3 years of experience Previou...,18 Days Ago,https://www.naukri.com/job-listings-business-analyst-corporate-governance-industry-iim-isb-mdi-fms-primo-hiring-kolkata-mumbai-hyderabad-secunderabad-pune-ahmedabad-delhi-ncr-bangalore-bengaluru-1-to-3-years-281222907526
Naukri,Office Assistant - Female - Paldi / Ambawadi / Bodakdev - Ahmedabad,Prime Placement And Manpower Services,,,0-5 Yrs ,"1,25,000 - 2,00,000 PA. ","Ahmedabad(Jaspur +151), Paldi, Satellite ", MBA / Graduate with minimum 6 Months to 2 years work experience as Back Office Executiv...,6 Days Ago,https://www.naukri.com/job-listings-office-assistant-female-paldi-ambawadi-bodakdev-ahmedabad-prime-placement-and-manpower-services-ahmedabad-paldi-satellite-0-to-5-years-090123008939
Naukri,Back Office Executive - Female - Paldi / Ambawadi  - Ahmedabad,Prime Placement And Manpower Services,,,0-5 Yrs ,"1,25,000 - 2,25,000 PA. ","Ahmedabad(Jaspur +151), Gandhinagar, Gujarat ", MBA / Graduate with minimum 6 Months to 2 years work experience as Back Office Executiv...,21 Days Ago,https://www.naukri.com/job-listings-back-office-executive-female-paldi-ambawadi-ahmedabad-prime-placement-and-manpower-services-gandhinagar-ahmedabad-gujarat-0-to-5-years-280822001244
Naukri,Clinical Analyst,Kapil Consultancy,1.6,17 Reviews,0-3 Yrs ,Not disclosed ,Ahmedabad , BSC background candidate --Min - 1 year exp -- Fresher will do - depends on skills and ...,30+ Days Ago,https://www.naukri.com/job-listings-clinical-analyst-kapil-consultancy-ahmedabad-0-to-3-years-011222502264
Naukri,Senior Data Engineer - Data Visualization,Srijan Technologies Pvt. Ltd.,4.4,53 Reviews,3-5 Yrs ,Not disclosed ,"Ahmedabad, Kolkata, Indore, New Delhi, Hyderabad/Secunderabad, Pune, Chennai, Gurgaon/Gurugram, Jaipur, Bangalore/Bengaluru "," Design, develop, optimize, and maintain data architecture and pipelines that adhere to ...",4 Days Ago,https://www.naukri.com/job-listings-senior-data-engineer-data-visualization-srijan-technologies-pvt-ltd-kolkata-indore-new-delhi-hyderabad-secunderabad-pune-chennai-ahmedabad-gurgaon-gurugram-jaipur-bangalore-bengaluru-3-to-5-years-110123501666
Naukri,"Senior/Technical Data Engineer - Python,SQL",Srijan Technologies Pvt. Ltd.,4.4,53 Reviews,3-6 Yrs ,Not disclosed ,"Ahmedabad, Kolkata, Indore, New Delhi, Pune, Chennai, Gurgaon/Gurugram, Jaipur, Bangalore/Bengaluru "," Experience with SQL, data analysis programming languages (Python), statistical analysis...",4 Days Ago,https://www.naukri.com/job-listings-senior-technical-data-engineer-python-sql-srijan-technologies-pvt-ltd-kolkata-indore-new-delhi-pune-chennai-ahmedabad-gurgaon-gurugram-jaipur-bangalore-bengaluru-3-to-6-years-110123501679
Naukri,Business Analyst,MM STAFFING CAREER CONSULTANTS PRIVATE LIMITED,,,5-7 Yrs ,Not disclosed ,Ahmedabad ," Have to work with business, project, and technology teams to ensure collection of infor...",30+ Days Ago,https://www.naukri.com/job-listings-business-analyst-mm-staffing-career-consultants-private-limited-ahmedabad-5-to-7-years-081222503225
Naukri,Business Analyst,Amnex Infotechnologies,2.7,13 Reviews,3-5 Yrs ,Not disclosed ,Ahmedabad , Must have experience working on large scale projects as well as handling day-to-day ope...,30+ Days Ago,https://www.naukri.com/job-listings-business-analyst-amnex-infotechnologies-ahmedabad-3-to-5-years-221019501875
Naukri,Product Research Analyst,Post A Resume,4.3,14 Reviews,3-4 Yrs ,Not disclosed ,Ahmedabad , Preferably within an e-commerce businessAt least 3-4 years of professional experience i...,30+ Days Ago,https://www.naukri.com/job-listings-product-research-analyst-post-a-resume-hr-consultancy-ahmedabad-3-to-4-years-010322501399
Naukri,Sr. Business Analyst/ Project Coordinator,EK Software Pvt. Ltd.,4.5,3 Reviews,3-8 Yrs ,"5,00,000 - 10,00,000 PA. ",Ahmedabad , Knowledge in project cycle methodologies and management is a mustData analysis - Profic...,4 Days Ago,https://www.naukri.com/job-listings-sr-business-analyst-project-coordinator-ek-software-pvt-ltd-ahmedabad-3-to-8-years-110123009456
Naukri,Sr. Data Engineer (Spark / Pyspark & Azure Data Bricks),DreamBig IT Solutions,,,8-10 Yrs ,Not disclosed ,"Temp. WFH - Ahmedabad, Kolkata, Mumbai, Hyderabad/Secunderabad, Lucknow, Chennai, Bangalore/Bengaluru, Delhi / NCR ", Sr. Data Engineer (Spark / Pyspark & Azure Data Bricks)Skills - Data Engineering experi...,30+ Days Ago,https://www.naukri.com/job-listings-sr-data-engineer-spark-pyspark-azure-data-bricks-dreambig-it-solutions-kolkata-mumbai-hyderabad-secunderabad-lucknow-chennai-ahmedabad-bangalore-bengaluru-delhi-ncr-8-to-10-years-181122912994
Naukri,Data Scientist - Engine Algorithm,Primo Hiring,,,1-3 Yrs ,Not disclosed ,"Ahmedabad, Kolkata, Mumbai, Hyderabad/Secunderabad, Pune, Chennai, Bangalore/Bengaluru, Delhi / NCR "," Experience with exploratory data analysis, statistical analysis, and testing, and model...",23 Days Ago,https://www.naukri.com/job-listings-data-scientist-engine-algorithm-primo-hiring-kolkata-mumbai-hyderabad-secunderabad-pune-chennai-ahmedabad-bangalore-bengaluru-delhi-ncr-1-to-3-years-231222911559
Naukri,Data Scientist - Engine Algorithm,Primo Hiring,,,1-3 Yrs ,Not disclosed ,"Ahmedabad, Kolkata, Mumbai, Hyderabad/Secunderabad, Pune, Chennai, Delhi / NCR, Bangalore/Bengaluru "," Experience with exploratory data analysis, statistical analysis, and testing, and model...",23 Days Ago,https://www.naukri.com/job-listings-data-scientist-engine-algorithm-primo-hiring-kolkata-mumbai-hyderabad-secunderabad-pune-chennai-ahmedabad-delhi-ncr-bangalore-bengaluru-1-to-3-years-231222911305
Naukri,GIS Analysts/Sr. GIS Analyst - Agri/Remote Sensing,Amnex Infotechnologies,2.7,13 Reviews,2-6 Yrs ,Not disclosed ,Ahmedabad , Experience in Agriculture field is preferable,30+ Days Ago,https://www.naukri.com/job-listings-gis-analysts-sr-gis-analyst-agri-remote-sensing-amnex-infotechnologies-ahmedabad-2-to-6-years-221019501883
Naukri,Senior Data Scientist,Novartis,4.1,1206 Reviews,3-8 Yrs ,Not disclosed ,"Ahmedabad, Kolkata, Hyderabad/Secunderabad, Pune, Chennai, Bangalore/Bengaluru, Delhi / NCR, Mumbai (All Areas) "," Experience - 3 Years to 8 Years Domain Good to have: Commercial Analytics (Pharma, Reta...",2 Days Ago,https://www.naukri.com/job-listings-senior-data-scientist-novartis-kolkata-hyderabad-secunderabad-pune-ahmedabad-chennai-bangalore-bengaluru-delhi-ncr-mumbai-all-areas-3-to-8-years-130123006198
Naukri,Senior Reporting Analyst,Otis,4.2,486 Reviews,6-12 Yrs ,Not disclosed ,"Ahmedabad, Hyderabad/Secunderabad, Bangalore/Bengaluru "," Very good functional knowledge of HR core systems such as Workday, Time attendance, Ser...",6 Days Ago,https://www.naukri.com/job-listings-senior-reporting-analyst-otis-hyderabad-secunderabad-ahmedabad-bangalore-bengaluru-6-to-12-years-090123501731
Naukri,Treasury Analyst,Global Upside India,,,6-8 Yrs ,"3,25,000 - 8,25,000 PA. ","Hybrid - Ahmedabad, Kolkata, Hyderabad/Secunderabad, Pune, Chennai, Bangalore/Bengaluru, Delhi / NCR, Mumbai (All Areas) "," Produce routine reports, schedules, and summaries for the business as required Experien...",30+ Days Ago,https://www.naukri.com/job-listings-treasury-analyst-global-upside-india-kolkata-hyderabad-secunderabad-pune-ahmedabad-chennai-bangalore-bengaluru-delhi-ncr-mumbai-all-areas-6-to-8-years-061222611714
Naukri,Senior Data Scientist,Srijan Technologies Pvt. Ltd.,4.4,53 Reviews,2-3 Yrs ,Not disclosed ,"Ahmedabad, Kolkata, Indore, New Delhi, Hyderabad/Secunderabad, Pune, Chennai, Gurgaon/Gurugram, Jaipur, Bangalore/Bengaluru ", Ability to understand a business problem and the available data and identify what techn...,4 Days Ago,https://www.naukri.com/job-listings-senior-data-scientist-srijan-technologies-pvt-ltd-kolkata-indore-new-delhi-hyderabad-secunderabad-pune-chennai-ahmedabad-gurgaon-gurugram-jaipur-bangalore-bengaluru-2-to-3-years-110123501671
Naukri,Data Engineer: Business Intelligence,IBM,4.2,15253 Reviews,4-8 Yrs ,Not disclosed ,Ahmedabad , Minimum 4 years of experience in Tableau report development Required Technical and Prof...,16 Days Ago,https://www.naukri.com/job-listings-data-engineer-business-intelligence-ibm-ahmedabad-4-to-8-years-301222911377
Naukri,Data Engineer: Business Intelligence,IBM,4.2,15253 Reviews,4-8 Yrs ,Not disclosed ,Ahmedabad , Minimum 4 years of experience in Tableau report development Proficient in Database and ...,24 Days Ago,https://www.naukri.com/job-listings-data-engineer-business-intelligence-ibm-ahmedabad-4-to-8-years-221222907665
Naukri,Data Entry/Computer Operator/Fresher/Work Form Home/Part-Full Time,Partbiz Hireplix,,,0-5 Yrs ,"1,75,000 - 3,50,000 PA. ","Temp. WFH - Ahmedabad, Pune, Bangalore/Bengaluru ", We are looking for Data Entry Operator Any one can apply Basic Computer Knowledge Must ...,6 Days Ago,https://www.naukri.com/job-listings-data-entry-computer-operator-fresher-work-form-home-part-full-time-partbiz-hireplix-pune-ahmedabad-bangalore-bengaluru-0-to-5-years-081222010672
Naukri,Transfer Pricing Analyst - CA,Serving Skill,,,1-3 Yrs ,Not disclosed ,"Ahmedabad, Gujarat "," Proven transfer pricing experience, ideally from a big 4 accountancy firm Maintain the ...",4 Days Ago,https://www.naukri.com/job-listings-transfer-pricing-analyst-ca-serving-skill-ahmedabad-gujarat-1-to-3-years-110123910671
Naukri,Senior Data Scientist,CES Information Technologies & BPS,3.9,155 Reviews,5-10 Yrs ,Not disclosed ,"Ahmedabad, Hyderabad/Secunderabad, Chennai, Bangalore/Bengaluru ", Greetings from CES IT LTD.Website Link : https://www.cesltd.com/Headquarted AT : Chicag...,9 Days Ago,https://www.naukri.com/job-listings-senior-data-scientist-ces-information-technologies-bps-hyderabad-secunderabad-ahmedabad-chennai-bangalore-bengaluru-5-to-10-years-060123009904
Naukri,Data Scientist,Amnex Infotechnologies,2.7,13 Reviews,3-7 Yrs ,Not disclosed ,Ahmedabad , Key Role Job Description Proven experience as a Machine Learning Engineer or similar ro...,30+ Days Ago,https://www.naukri.com/job-listings-data-scientist-amnex-infotechnologies-ahmedabad-3-to-7-years-221019501879
Naukri,Data Scientist,Prompt Softech,4.7,34 Reviews,1-5 Yrs ,Not disclosed ,Ahmedabad ," Job Description Must have experience in R, Python, SQL Develop algorithms and predictiv...",30+ Days Ago,https://www.naukri.com/job-listings-data-scientist-prompt-softech-ahmedabad-1-to-5-years-060421501328
Naukri,Data Analytics Platform Engineer,Iaastha,,,0-4 Yrs ,Not disclosed ,"Ahmedabad, Kolkata, Mumbai, Hyderabad/Secunderabad, Lucknow, Chennai, Delhi / NCR, Bangalore/Bengaluru "," This job requires core computer science background, Only candidates who are very intere...",18 Days Ago,https://www.naukri.com/job-listings-data-analytics-platform-engineer-iaastha-kolkata-mumbai-hyderabad-secunderabad-lucknow-chennai-ahmedabad-delhi-ncr-bangalore-bengaluru-0-to-4-years-281222905518
Naukri,Analyst,Heinz,4.4,150 Reviews,3-5 Yrs ,Not disclosed ,Ahmedabad , Driving the company s risk and control roadmap Increasing awareness of controls at the ...,8 Days Ago,https://www.naukri.com/job-listings-analyst-kraft-heinz-company-ahmedabad-3-to-5-years-070123501026
Naukri,Senior Data Scientist - Machine Learning,Global Employees,,,7-12 Yrs ,Not disclosed ,"Ahmedabad, Kolkata, Mumbai, Hyderabad/Secunderabad, Lucknow, Chennai, Delhi / NCR, Bangalore/Bengaluru ", 5+ years of experience implementing machine learning systems at scale in Python (prefer...,30+ Days Ago,https://www.naukri.com/job-listings-senior-data-scientist-machine-learning-global-employees-kolkata-mumbai-hyderabad-secunderabad-lucknow-chennai-ahmedabad-delhi-ncr-bangalore-bengaluru-7-to-12-years-281122907258
Naukri,Data Entry/Computer Operator/Fresher/Work Form Home Part@Full Time,Partbiz Hireplix,,,0-5 Yrs ,"1,50,000 - 3,75,000 PA. ","Temp. WFH - Ahmedabad, Hyderabad/Secunderabad, Mumbai (All Areas) ", We are looking for Data Entry Operator Any one can apply Basic Computer Knowledge Must ...,1 Day Ago,https://www.naukri.com/job-listings-data-entry-computer-operator-fresher-work-form-home-part-full-time-partbiz-hireplix-hyderabad-secunderabad-ahmedabad-mumbai-all-areas-0-to-5-years-150123001946
Naukri,Transfer Pricing Analyst - CA,Serving Skill,,,1-3 Yrs ,Not disclosed ,"Ahmedabad, Gujarat "," Proven transfer pricing experience, ideally from a big 4 accountancy firm Maintain the ...",19 Days Ago,https://www.naukri.com/job-listings-transfer-pricing-analyst-ca-serving-skill-ahmedabad-gujarat-1-to-3-years-271222909069
Naukri,Research Analyst,Seven Consultancy (HR Solution),4.2,2 Reviews,2-3 Yrs ,Not disclosed ,Ahmedabad , Requirements: Bachelors degree in market research or related (essential)Strong proficie...,30+ Days Ago,https://www.naukri.com/job-listings-research-analyst-seven-consultancy-hr-solution-ahmedabad-2-to-3-years-171122501122
Naukri,"Senior /Lead, Data Science - AI/ML",Srijan Technologies Pvt. Ltd.,4.4,53 Reviews,3-7 Yrs ,Not disclosed ,"Ahmedabad, Kolkata, Indore, New Delhi, Hyderabad/Secunderabad, Pune, Chennai, Gurgaon/Gurugram, Jaipur, Bangalore/Bengaluru "," Experience with building predictive statistical, behavioral or other models via supervi...",4 Days Ago,https://www.naukri.com/job-listings-senior-lead-data-science-ai-ml-srijan-technologies-pvt-ltd-kolkata-indore-new-delhi-hyderabad-secunderabad-pune-chennai-ahmedabad-gurgaon-gurugram-jaipur-bangalore-bengaluru-3-to-7-years-110123501663
Naukri,Senior Data Engineer,Tech Holding,4.7,4 Reviews,2-3 Yrs ,Not disclosed ,Ahmedabad , We are looking to bring on a Senior Data Engineer to join our team You will be responsi...,30+ Days Ago,https://www.naukri.com/job-listings-senior-data-engineer-tech-holding-ahmedabad-2-to-3-years-150922501018
Naukri,Sr. Analyst Global Compensation & Benefits,Apttus,4.3,44 Reviews,5-8 Yrs ,Not disclosed ,"Temp. WFH - Ahmedabad, Pune, Bangalore/Bengaluru "," Bachelor s degree in Human Resources, Finance, Business Administration, or a related fi...",13 Days Ago,https://www.naukri.com/job-listings-sr-analyst-global-compensation-benefits-conga-software-private-limited-pune-ahmedabad-bangalore-bengaluru-5-to-8-years-291022008333
Naukri,Data Scientist,IBM,4.2,15253 Reviews,3-6 Yrs ,Not disclosed ,Ahmedabad , You should be familiar with IBM software solutions across multi-cloud platforms and Red...,30 Days Ago,https://www.naukri.com/job-listings-data-scientist-ibm-india-pvt-limited-ahmedabad-3-to-6-years-161222909439
Naukri,Data Scientist,IBM,4.2,15253 Reviews,3-6 Yrs ,Not disclosed ,Ahmedabad , You should be familiar with IBM software solutions across multi-cloud platforms and Red...,30+ Days Ago,https://www.naukri.com/job-listings-data-scientist-ibm-india-pvt-limited-ahmedabad-3-to-6-years-151222911948
Naukri,Job | Business Development & Analyst | Chemistry Segment,Meghmani Finechem Limited,4.1,292 Reviews,3-5 Yrs ,Not disclosed ,Ahmedabad ," Coordination with R&D for new Product development, Benchmark samples arrangement for ne...",25 Days Ago,https://www.naukri.com/job-listings-business-development-analyst-chemistry-segment-meghmani-finechem-limited-ahmedabad-3-to-5-years-211222005553
Naukri,Data Mining,Kapil Consultancy,1.6,17 Reviews,0-4 Yrs ,Not disclosed ,Ahmedabad ," Good knowledge about social media especially LinkedIn, Facebook, Twitter etc",30+ Days Ago,https://www.naukri.com/job-listings-data-mining-kapil-consultancy-ahmedabad-0-to-4-years-011222502292
Naukri,Sr. Analyst Global Compensation & Benefits,Apttus,4.3,44 Reviews,5-10 Yrs ,Not disclosed ,Ahmedabad ," Bachelor s degree in Human Resources, Finance, Business Administration, or a related fi...",4 Days Ago,https://www.naukri.com/job-listings-sr-analyst-global-compensation-benefits-conga-software-private-limited-ahmedabad-5-to-10-years-110123911935
Naukri,Senior Data Scientist,IQM Corporation,3.4,3 Reviews,5-10 Yrs ,Not disclosed ,Ahmedabad ," Prior experience of building, deploying, and maintaining data solutions Prior experienc...",30+ Days Ago,https://www.naukri.com/job-listings-senior-data-scientist-iqm-corporation-ahmedabad-5-to-10-years-141022501166
Naukri,Data Scientist,Radical Technologies,,,2-7 Yrs ,Not disclosed ,"Ahmedabad, Noida, Mumbai, Indore, Pune, Bangalore/Bengaluru ", Good in programming (Python) Good understanding of OOPS concepts Good communication Und...,13 Days Ago,https://www.naukri.com/job-listings-data-scientist-radical-technologies-noida-mumbai-indore-pune-ahmedabad-bangalore-bengaluru-2-to-7-years-020123501736
Naukri,Data Entry/Computer Operator/Fresher/Work Form Home/Part-Full Time,Partbiz Hireplix,,,0-5 Yrs ,"1,50,000 - 3,75,000 PA. ","Temp. WFH - Ahmedabad, Hyderabad/Secunderabad, Pune ", We are looking for Data Entry Operator Any one can apply Basic Computer Knowledge Must ...,18 Days Ago,https://www.naukri.com/job-listings-data-entry-computer-operator-fresher-work-form-home-part-full-time-partbiz-hireplix-hyderabad-secunderabad-pune-ahmedabad-0-to-5-years-281222012829
Naukri,Work FROM Home/DATA Entry/Computer/PART-FULL TIME WORK/Fresher,Marsh Infotech,,,0-5 Yrs ,"3,25,000 - 6,50,000 PA. ","Temp. WFH - Ahmedabad, Kolkata, Gurgaon/Gurugram ", WORK FROM HOME AVAILABLE FOR ONLINE SUPPORT FRESHER & EXPERIENCE BOTH CAN APPLY NEED GO...,21 Days Ago,https://www.naukri.com/job-listings-work-from-home-data-entry-computer-part-full-time-work-fresher-marsh-infotech-kolkata-ahmedabad-gurgaon-gurugram-0-to-5-years-251222001579
Naukri,Data Entry/Computer Operator/Fresher/Work Form Home Part@Full Time,Partbiz Hireplix,,,0-5 Yrs ,"1,75,000 - 3,75,000 PA. ","Temp. WFH - Ahmedabad, Hyderabad/Secunderabad, Pune ", We are looking for Data Entry Operator Any one can apply Basic Computer Knowledge Must ...,27 Days Ago,https://www.naukri.com/job-listings-data-entry-computer-operator-fresher-work-form-home-part-full-time-partbiz-hireplix-hyderabad-secunderabad-pune-ahmedabad-0-to-5-years-191222008885
Naukri,Java Data Scientist - Machine Learning Algorithms,Zorba Consulting India,,,2-5 Yrs ,Not disclosed ,"Ahmedabad, Kolkata, Mumbai, Hyderabad/Secunderabad, Lucknow, Chennai, Bangalore/Bengaluru, Delhi / NCR ", There Zorba Consulting India is seeking Java developer data scientists to join our team...,16 Days Ago,https://www.naukri.com/job-listings-java-data-scientist-machine-learning-algorithms-zorba-consulting-india-kolkata-mumbai-hyderabad-secunderabad-lucknow-chennai-ahmedabad-bangalore-bengaluru-delhi-ncr-2-to-5-years-301222910377
Naukri,Data Scientist - R/Python,Okda Solutions,,,4-7 Yrs ,Not disclosed ,"Ahmedabad, Kolkata, Mumbai, Hyderabad/Secunderabad, Lucknow, Chennai, Bangalore/Bengaluru, Delhi / NCR ", Permanently work from homeUS SHIFT 3:00 PM TO 12:00 AM IST Bachelors degree in computer...,16 Days Ago,https://www.naukri.com/job-listings-data-scientist-r-python-okda-solutions-kolkata-mumbai-hyderabad-secunderabad-lucknow-chennai-ahmedabad-bangalore-bengaluru-delhi-ncr-4-to-7-years-301222909993
Naukri,Data Scientist - R/Python,Okda Solutions,,,4-7 Yrs ,Not disclosed ,"Temp. WFH - Ahmedabad, Kolkata, Mumbai, Hyderabad/Secunderabad, Pune, Chennai, Bangalore/Bengaluru, Delhi / NCR ", Permanently work from homeUS SHIFT 3:00 PM TO 12:00 AM IST Bachelors degree in computer...,18 Days Ago,https://www.naukri.com/job-listings-data-scientist-r-python-okda-solutions-kolkata-mumbai-hyderabad-secunderabad-pune-chennai-ahmedabad-bangalore-bengaluru-delhi-ncr-4-to-7-years-281222907055
Naukri,AVAP Agile Information Systems - Data Scientist - R/SQL/Python,AVAP Agile,,,3-8 Yrs ,Not disclosed ,"Ahmedabad, Kolkata, Mumbai, Visakhapatnam, Hyderabad/Secunderabad, Pune, Chennai, Bangalore/Bengaluru, Delhi / NCR "," A masters degree within either engineering, physics, IT, mathematicsstatistics, meteoro...",30+ Days Ago,https://www.naukri.com/job-listings-avap-agile-information-systems-data-scientist-r-sql-python-avap-agile-kolkata-mumbai-visakhapatnam-vizag-hyderabad-secunderabad-pune-ahmedabad-chennai-bangalore-bengaluru-delhi-ncr-3-to-8-years-281122907280
Naukri,Data Scientist - Artificial Intelligence/Machine Learning Algorithms,Zorba Consulting India Pvt. Ltd.,,,5-10 Yrs ,Not disclosed ,"Ahmedabad, Kolkata, Mumbai, Hyderabad/Secunderabad, Pune, Chennai, Bangalore/Bengaluru, Delhi / NCR ", Hands on experience on supervised and unsupervised machine learning techniques 5+ years...,30+ Days Ago,https://www.naukri.com/job-listings-data-scientist-artificial-intelligence-machine-learning-algorithms-zorba-consulting-india-pvt-ltd-kolkata-mumbai-hyderabad-secunderabad-pune-chennai-ahmedabad-bangalore-bengaluru-delhi-ncr-5-to-10-years-241122913282
Naukri,Architecture Data scientist,Zymr Systems,3.6,52 Reviews,8-13 Yrs ,Not disclosed ,"Ahmedabad, Pune, Rajkot, Bangalore/Bengaluru, Vadodara ", We are looking for an expert in Data Engineering to help us extract value from existing...,26 Days Ago,https://www.naukri.com/job-listings-architecture-data-scientist-zymr-systems-pune-ahmedabad-rajkot-bangalore-bengaluru-vadodara-baroda-8-to-13-years-151222008139
Naukri,Senior Database Analyst,Light Microfinance,4.0,116 Reviews,2-5 Yrs ,Not disclosed ,Ahmedabad , Bachelor of Engineering in Computer ScienceA high-levelFamiliarity with cloud concepts ...,30+ Days Ago,https://www.naukri.com/job-listings-senior-database-analyst-light-microfinance-pvt-ltd-ahmedabad-2-to-5-years-130922500809
Naukri,Quality Assurance Executive,Qarmatek Services,3.6,54 Reviews,4-5 Yrs ,"2,25,000 - 3,00,000 PA. ","Ahmedabad(Rakhial), Pune(Wagholi), Bangalore/Bengaluru "," Knowledge of electronics repair (Mobile, Set Top Box) Aware of quality tools like 5S, K...",4 Days Ago,https://www.naukri.com/job-listings-quality-assurance-executive-qarmatek-services-pune-ahmedabad-bangalore-bengaluru-4-to-5-years-010922907391
Naukri,Technical Lead Data Engineering- Tableau,Srijan Technologies Pvt. Ltd.,4.4,53 Reviews,5-9 Yrs ,Not disclosed ,"Ahmedabad, Kolkata, Indore, New Delhi, Hyderabad/Secunderabad, Pune, Chennai, Gurgaon/Gurugram, Jaipur, Bangalore/Bengaluru "," Experience in data modelling, data loading, data migration, data analysis (must), along...",4 Days Ago,https://www.naukri.com/job-listings-technical-lead-data-engineering-tableau-srijan-technologies-pvt-ltd-kolkata-indore-new-delhi-hyderabad-secunderabad-pune-chennai-ahmedabad-gurgaon-gurugram-jaipur-bangalore-bengaluru-5-to-9-years-110123501685
Naukri,Data Scientist - Sales & Marketing,Hitech Digital Solution LLP,,,2-7 Yrs ,Not disclosed ,Hybrid - Ahmedabad(Prahlad Nagar) , Experience in building marketing models (e.gExperience with clustering and segmentation...,4 Days Ago,https://www.naukri.com/job-listings-data-scientist-sales-marketing-hitech-digital-solution-llp-ahmedabad-2-to-7-years-101022004728
Naukri,Lead Data Scientist,Hi-tech Digital Solutions Llp,4.1,195 Reviews,5-10 Yrs ,Not disclosed ,Hybrid - Ahmedabad(Prahlad Nagar) , Must be able to work across different domains and get a quick sense of the business pro...,4 Days Ago,https://www.naukri.com/job-listings-lead-data-scientist-hi-tech-digital-solutions-llp-ahmedabad-5-to-10-years-101022004587
Naukri,Data Scientist - Supply Chain,Hitech Digital Solution LLP,,,2-7 Yrs ,Not disclosed ,Hybrid - Ahmedabad(Prahlad Nagar) , A minimum of 2 years of experience in applying data & analytics techniques to manufactu...,4 Days Ago,https://www.naukri.com/job-listings-data-scientist-supply-chain-hitech-digital-solution-llp-ahmedabad-2-to-7-years-071022011468
Naukri,Data Scientist,IQM Corporation,3.4,3 Reviews,1-3 Yrs ,Not disclosed ,Ahmedabad , Implement algorithms to solve analytical problems and generate insights Develop and ref...,8 Days Ago,https://www.naukri.com/job-listings-data-scientist-iqm-corporation-ahmedabad-1-to-3-years-070123501003
Naukri,MIS Executive,Qarmatek Services,3.6,54 Reviews,2-4 Yrs ,"1,00,000 - 2,00,000 PA. ",Ahmedabad(Rakhial) ," MIS EXECUTIVE ADVANCE EXCEL VLOOKUP, PIVOT, COUNTIF, ALL FORMULAS COMPUTER OPERATOR",4 Days Ago,https://www.naukri.com/job-listings-mis-executive-qarmatek-services-ahmedabad-2-to-4-years-090123001399
Naukri,Data Built Tool (DBT) Developer,Globant,4.3,334 Reviews,5-10 Yrs ,Not disclosed ,"Hybrid - Ahmedabad, Indore, Pune, Bangalore/Bengaluru ", 10 years of experience in Data Engineering Experience in Data storage technologies like...,9 Days Ago,https://www.naukri.com/job-listings-data-built-tool-dbt-developer-globant-indore-pune-ahmedabad-bangalore-bengaluru-5-to-10-years-050123008771
Naukri,Team Lead - Reporting Analyst,Advantmed,3.7,283 Reviews,3-8 Yrs ,Not disclosed ,"Ahmedabad, Gandhinagar ", Job Description:Designation: Team Lead - Reporting AnalystProcess: US HealthcareShift T...,5 Days Ago,https://www.naukri.com/job-listings-team-lead-reporting-analyst-advantmed-india-llp-gandhinagar-ahmedabad-3-to-8-years-100123006527
Naukri,MIS Executive,Turtlemint,4.0,197 Reviews,0-4 Yrs ,Not disclosed ,Ahmedabad , Knowledge of Tally and Ms Excel is a mustShould be proactive and responsible to prepare...,30+ Days Ago,https://www.naukri.com/job-listings-mis-executive-primohunt-corporate-ahmedabad-0-to-4-years-110722500894
Naukri,Sales & Marketing Executive,Fortunez Global,4.1,22 Reviews,2-3 Yrs ,"1,75,000 - 2,25,000 PA. ",Ahmedabad(Shahibaug) ," Should be a Graduate from any discipline, marketing preferred3 years experience in mark...",6 Days Ago,https://www.naukri.com/job-listings-sales-marketing-executive-fortunez-global-ahmedabad-2-to-3-years-090123009897
Naukri,Data Scientist,Azilen,3.9,33 Reviews,1-3 Yrs ,Not disclosed ,Ahmedabad , Must possess a balance of analytic problem solving and strong interpersonal and relatio...,30+ Days Ago,https://www.naukri.com/job-listings-data-scientist-azilen-technologies-pvt-ltd-ahmedabad-1-to-3-years-250722500973
Naukri,Data Scientist,DrivebuddyAI,2.8,2 Reviews,3-5 Yrs ,Not disclosed ,"Hybrid - Ahmedabad, Delhi / NCR ", Must be well-versed with model debugging techniquesExperience with classical ML algorit...,12 Days Ago,https://www.naukri.com/job-listings-data-scientist-drivebuddyai-ahmedabad-delhi-ncr-3-to-5-years-030123006800
Naukri,Data Scientist,IQM Corporation,3.4,3 Reviews,1-3 Yrs ,Not disclosed ,Ahmedabad , Prior experience in Advertising Technology is a plus,30+ Days Ago,https://www.naukri.com/job-listings-data-scientist-iqm-corporation-ahmedabad-1-to-3-years-141022501162
Naukri,Data Scientist,Cojective Labs,,,5-10 Yrs ,Not disclosed ,Ahmedabad , Solid Computer science and coding skills and experience productizing training pipelines...,30+ Days Ago,https://www.naukri.com/job-listings-data-scientist-cojective-labs-ahmedabad-5-to-10-years-101122502836
Naukri,Data Scientist,Rays Techserv,5.0,2 Reviews,5-9 Yrs ,"18,00,000 - 30,00,000 PA. ",Permanent Remote , 5+ Years of hands-on development experience(Must) with AI/ML technologies Programming e...,9 Days Ago,https://www.naukri.com/job-listings-data-scientist-rays-techserv-ahmedabad-5-to-9-years-060123007670
Naukri,Data Scientist,Applycup Hiring Solutions Llp,4.9,16 Reviews,5-10 Yrs ,Not disclosed ,Ahmedabad ," Skills : Strong math skills, statistics, algebra, Problem-solving aptitude, Excellent c...",20 Days Ago,https://www.naukri.com/job-listings-data-scientist-applycup-hiring-solutions-llp-ahmedabad-5-to-10-years-261222500446
Naukri,Data Scientist,placementplanet,,,2-3 Yrs ,Not disclosed ,Ahmedabad ," Selecting features , building and optimizing classifiers using machine learning techniq...",30+ Days Ago,https://www.naukri.com/job-listings-data-scientist-placementplanet-ahmedabad-2-to-3-years-240719500693
Naukri,Data Scientist,"RapidOps, Inc",4.8,10 Reviews,1-5 Yrs ,Not disclosed ,Ahmedabad ," Must to have Tensor flow, pandas, scikit-learn and numpy",30+ Days Ago,https://www.naukri.com/job-listings-data-scientist-rapidops-inc-ahmedabad-1-to-5-years-240222500764
Naukri,MIS Executive / Data Administrator,Mycityahmedabad,,,5-8 Yrs ,Not disclosed ,Ahmedabad , Job Description: Candidate should be any graduate. Should have proficiency in Excel & E...,30+ Days Ago,https://www.naukri.com/job-listings-mis-executive-data-administrator-mycityahmedabad-ahmedabad-5-to-8-years-150720500004
Naukri,Data Scientist,Protocol Zone,4.3,11 Reviews,1-4 Yrs ,Not disclosed ,Ahmedabad ," Employment type: Full time Qualification: Masters in statistics, mathematics or any oth...",30+ Days Ago,https://www.naukri.com/job-listings-data-scientist-protocol-zone-ahmedabad-1-to-4-years-041119500843
Naukri,Power BI/SAP HANA Developer - Python/Data Modeling,Career Infosystem,,,4-8 Yrs ,Not disclosed ,"Ahmedabad, Kolkata, Mumbai, Hyderabad/Secunderabad, Pune, Chennai, Delhi / NCR, Bangalore/Bengaluru ", Design effective layouts and wireframes catering to customer needs to ensure optimal us...,17 Days Ago,https://www.naukri.com/job-listings-power-bi-sap-hana-developer-python-data-modeling-career-infosystem-kolkata-mumbai-hyderabad-secunderabad-pune-chennai-ahmedabad-delhi-ncr-bangalore-bengaluru-4-to-8-years-291222906326
Naukri,Azure Data Engineer - Data Modeling/Warehousing,Career Infosystem,,,5-10 Yrs ,Not disclosed ,"Ahmedabad, Kolkata, Mumbai, Hyderabad/Secunderabad, Pune, Chennai, Bangalore/Bengaluru, Delhi / NCR ", Degree - Candidate must possess a bachelors degree from an accredited college in Comput...,19 Days Ago,https://www.naukri.com/job-listings-azure-data-engineer-data-modeling-warehousing-career-infosystem-kolkata-mumbai-hyderabad-secunderabad-pune-chennai-ahmedabad-bangalore-bengaluru-delhi-ncr-5-to-10-years-271222906984
Naukri,Data Analytics Role - KPO,Huquo Consulting Pvt. Ltd,,,1-2 Yrs ,Not disclosed ,"Ahmedabad, Kolkata, Mumbai, Visakhapatnam, Hyderabad/Secunderabad, Pune, Chennai, Delhi / NCR, Bangalore/Bengaluru "," Education: Bachelors / Masters degree in quantitative fields (Statistics, Operations Re...",20 Days Ago,https://www.naukri.com/job-listings-data-analytics-role-kpo-huquo-consulting-pvt-ltd-kolkata-mumbai-visakhapatnam-vizag-hyderabad-secunderabad-pune-chennai-ahmedabad-delhi-ncr-bangalore-bengaluru-1-to-2-years-261222909284
Naukri,Data Engineers - Microsoft SQL Server,Alloy Consulting,,,5-10 Yrs ,Not disclosed ,"Hybrid - Ahmedabad, Kolkata, Mumbai, Visakhapatnam, Hyderabad/Secunderabad, Pune, Chennai, Delhi / NCR, Bangalore/Bengaluru ", Our UK client is looking for an experienced Data Engineer having 5 to 10 years of exper...,20 Days Ago,https://www.naukri.com/job-listings-data-engineers-microsoft-sql-server-alloy-consulting-kolkata-mumbai-visakhapatnam-vizag-hyderabad-secunderabad-pune-chennai-ahmedabad-delhi-ncr-bangalore-bengaluru-5-to-10-years-261222908918
Naukri,Data Engineers - Microsoft SQL Server,Alloy Consulting,,,5-8 Yrs ,Not disclosed ,"Temp. WFH - Ahmedabad, Kolkata, Mumbai, Hyderabad/Secunderabad, Pune, Chennai, Delhi / NCR, Bangalore/Bengaluru "," They will work from homeQualification B Tech or MCAHowever, should come to our office i...",20 Days Ago,https://www.naukri.com/job-listings-data-engineers-microsoft-sql-server-alloy-consulting-kolkata-mumbai-hyderabad-secunderabad-pune-chennai-ahmedabad-delhi-ncr-bangalore-bengaluru-5-to-8-years-261222903353
Naukri,Urgent Hiring!! Data Scientist_ Python/ ML/ NLP _( 5-10 yrs) !!,SP Staffing,,,5-10 Yrs ,"14,00,000 - 22,50,000 PA. ","Hybrid - Ahmedabad, Hyderabad/Secunderabad, Chennai, Bangalore/Bengaluru, Delhi / NCR, Mumbai (All Areas) "," Atleast 1 data science based cloud platform experience (Sagemaker, AzureML, Vertex, Dat...",27 Days Ago,https://www.naukri.com/job-listings-urgent-hiring-data-scientist-python-ml-nlp-5-10-yrs-sp-staffing-hyderabad-secunderabad-ahmedabad-chennai-bangalore-bengaluru-delhi-ncr-mumbai-all-areas-5-to-10-years-201222000052
Naukri,Supply Chain Analyst,"Zydus Hospitals, Ahmedabad",4.2,4565 Reviews,1-4 Yrs ,Not disclosed ,Ahmedabad(Thaltej) , Bachelor of Pharma + MBA + Knowledge of Advance Excel along with MS-Office,9 Days Ago,https://www.naukri.com/job-listings-supply-chain-analyst-zydus-hospitals-ahmedabad-ahmedabad-1-to-4-years-060123004679
Naukri,Transfer Pricing Analyst - CA,Serving Skill,,,1-3 Yrs ,Not disclosed ,"Ahmedabad, Gujarat "," Proven transfer pricing experience, ideally from a big 4 accountancy firm Maintain the ...",18 Days Ago,https://www.naukri.com/job-listings-transfer-pricing-analyst-ca-serving-skill-ahmedabad-gujarat-1-to-3-years-281222909932
Naukri,Risk Analyst,Irage Broking Services Llp,4.7,3 Reviews,1-4 Yrs ,Not disclosed ,Ahmedabad , The candidate must show proficiency in coding and regularly work with Python / R to per...,19 Days Ago,https://www.naukri.com/job-listings-risk-analyst-irage-broking-services-llp-ahmedabad-1-to-4-years-271222005671
Naukri,Analyst,Healthark Insights,4.1,30 Reviews,2-4 Yrs ,Not disclosed ,Ahmedabad , OR Bachelors / Masters in Mathematics / Statistics/Data Science Must Have Experience in...,30+ Days Ago,https://www.naukri.com/job-listings-analyst-healthark-insights-ahmedabad-2-to-4-years-300622501618
Naukri,Data Mining Executive,Post A Resume,4.3,14 Reviews,1-4 Yrs ,Not disclosed ,Ahmedabad , Graduates preferred from BSc (Chemistry / Biotech)/B Pharma having good communication s...,30+ Days Ago,https://www.naukri.com/job-listings-data-mining-executive-post-a-resume-hr-consultancy-ahmedabad-1-to-4-years-080922500659
Naukri,Fraud Detection and Analysis Manager,Globale Media,3.4,3 Reviews,1-6 Yrs ,Not disclosed ,Ahmedabad ," Must be able to work five, 8 hour evening shifts, including weekends and holidays1+ yea...",30+ Days Ago,https://www.naukri.com/job-listings-fraud-detection-and-analysis-manager-globale-media-ahmedabad-1-to-6-years-041122500989
Naukri,Data Processor,Aaneel Infotech,4.6,9 Reviews,1-5 Yrs ,Not disclosed ,Ahmedabad , Good in communicationGood command on Excel / WPS Good at QC / QA skills Good in File Ma...,24 Days Ago,https://www.naukri.com/job-listings-data-processor-aaneel-infotech-private-limited-ahmedabad-1-to-5-years-221222500359
Naukri,Data Researcher III,S&P Global Inc.,4.3,1059 Reviews,1-4 Yrs ,Not disclosed ,Ahmedabad , Comfortable to work in evening shift and flexible hours Graduate or Post Graduate Degre...,30+ Days Ago,https://www.naukri.com/job-listings-data-researcher-iii-s-p-global-inc-ahmedabad-1-to-4-years-241122500051
Naukri,Technical Project Manager (BI and Data Analytics),Inferenz Tech,4.9,11 Reviews,10-20 Yrs ,Not disclosed ,Ahmedabad ," Performing data analysis for efficiency and easy integration. Develop, optimize, and ov...",27 Days Ago,https://www.naukri.com/job-listings-technical-project-manager-bi-and-data-analytics-inferenz-tech-pvt-ltd-ahmedabad-10-to-20-years-191222500423
Naukri,Data Science Manager,Contrado,2.9,9 Reviews,6-11 Yrs ,Not disclosed ,Ahmedabad ," Bachelors or masters degree in economics, mathematics, computer science / engineering, ...",30+ Days Ago,https://www.naukri.com/job-listings-data-science-manager-contrado-imaging-ltd-ahmedabad-6-to-11-years-191122500606
Naukri,Data Science Lead / Manager with UK based eCommerce Company,Contrado,2.9,9 Reviews,6-11 Yrs ,Not disclosed ,Ahmedabad , See detailed JD : https://www.contrado.co.uk/data-science-manager -*-*-*-*-*-*-*-*-*-- ...,30+ Days Ago,https://www.naukri.com/job-listings-data-science-lead-manager-with-uk-based-ecommerce-company-contrado-imaging-india-pvt-ltd-ahmedabad-6-to-11-years-111122009336
Naukri,MIS Executive,Club Oxygen,4.6,104 Reviews,1-2 Yrs ,Not disclosed ,"Ahmedabad, Kochi/Cochin, Mumbai, Chandigarh, New Delhi, Lucknow, Thrissur/Trichur, Chennai, Jaipur, Bangalore/Bengaluru "," Skills required Proficient in MS office - especially - Excel, Good Analytical & Communi...",30+ Days Ago,https://www.naukri.com/job-listings-mis-executive-club-oxygen-kochi-cochin-mumbai-chandigarh-new-delhi-lucknow-thrissur-trichur-chennai-ahmedabad-jaipur-bangalore-bengaluru-1-to-2-years-281122504105
Naukri,Urgent Hiring For MIS Executive - Computer Operator & Fresher,P  A Associates,4.7,22 Reviews,0-5 Yrs ,"2,00,000 - 5,50,000 PA. ","Temp. WFH - Ahmedabad, Bhopal, Indore ", Creating performance reports for multi level databases Managing system performances and...,2 Days Ago,https://www.naukri.com/job-listings-urgent-hiring-for-mis-executive-computer-operator-fresher-p-a-associates-bhopal-indore-ahmedabad-0-to-5-years-181222001671
Naukri,Marketing Executive / Associate  / Lead,Physicswallah,4.5,93 Reviews,0-5 Yrs ,"3,00,000 - 6,00,000 PA. ","Ahmedabad, Srinagar, Bhubaneswar, Kolkata, Nagpur, Patna, Ranchi, Bangalore/Bengaluru, Delhi / NCR ", Proficient in MS Office and marketing software (e.gEligibility- Graduation ( BBA/ BSC /...,30+ Days Ago,https://www.naukri.com/job-listings-marketing-executive-associate-lead-physicswallah-srinagar-bhubaneswar-kolkata-nagpur-patna-ranchi-ahmedabad-bangalore-bengaluru-delhi-ncr-0-to-5-years-251122605308
Naukri,Business Analytics Role - KPO,Huquo Consulting Pvt. Ltd,,,1-2 Yrs ,Not disclosed ,"Ahmedabad, Kolkata, Mumbai, Hyderabad/Secunderabad, Pune, Chennai, Delhi / NCR, Bangalore/Bengaluru "," Must have strong capabilities in problem solving, managing own work diligently, thoroug...",3 Days Ago,https://www.naukri.com/job-listings-business-analytics-role-kpo-huquo-consulting-pvt-ltd-kolkata-mumbai-hyderabad-secunderabad-pune-chennai-ahmedabad-delhi-ncr-bangalore-bengaluru-1-to-2-years-120123913094
Naukri,Head Sales-FMCG -International Business,Vadilal,4.2,377 Reviews,15-18 Yrs ,Not disclosed ,Ahmedabad , Frequent travel and market audit to check for maximum retail presenceGive timely feedba...,26 Days Ago,https://www.naukri.com/job-listings-head-sales-fmcg-international-business-vadilal-ahmedabad-15-to-18-years-201222005677
Naukri,MIS Executive,Merito,,,2-4 Yrs ,Not disclosed ,Ahmedabad , Qualification: Bachelors degree with experience of 2 - 4 Years Generate both periodic a...,30+ Days Ago,https://www.naukri.com/job-listings-mis-executive-merito-in-ahmedabad-2-to-4-years-151222503330
Naukri,MIS Executive,Place1india Hr Solutions,,,2-3 Yrs ,Not disclosed ,Ahmedabad , Should have analytical skill Expertise of MS Excel is must Good command over computer i...,30+ Days Ago,https://www.naukri.com/job-listings-mis-executive-place1india-hr-solutions-ahmedabad-ahmedabad-2-to-3-years-111122502079
Naukri,MIS Executive,Navin Group,2.2,17 Reviews,4-5 Yrs ,Not disclosed ,Ahmedabad , Should be able to handle achieve the departmental requirementsShould be Conversant with...,30+ Days Ago,https://www.naukri.com/job-listings-mis-executive-navingroup-ahmedabad-4-to-5-years-110522500372
Naukri,Executive Assistant cum MIS Executive,Navin Group,2.2,17 Reviews,5-10 Yrs ,Not disclosed ,Ahmedabad , Should be Conversant with Advanced Excel Function Good Communication Skill,30+ Days Ago,https://www.naukri.com/job-listings-executive-assistant-mis-executive-navingroup-ahmedabad-5-to-10-years-040422500698
Naukri,Virtual Office Assistant,Coalition Technologies,4.3,7 Reviews,0-5 Yrs ,Not disclosed ,"Ahmedabad, Kolkata, Hyderabad/Secunderabad, Pune, Chennai, Amritsar, Bangalore/Bengaluru, Delhi / NCR, Mumbai (All Areas) "," Willingness to learn, grow, and collaborate with the team and company as a whole Experi...",4 Days Ago,https://www.naukri.com/job-listings-virtual-office-assistant-coalition-technologies-india-private-limited-kolkata-hyderabad-secunderabad-pune-ahmedabad-chennai-amritsar-bangalore-bengaluru-delhi-ncr-mumbai-all-areas-0-to-5-years-170522011394
Naukri,GIS Intern,S&P Global Inc.,4.3,1059 Reviews,0-1 Yrs ,Not disclosed ,Ahmedabad , Shift: Rotational Graduate/ Master in Geoinformatics or GIS ArcGIS) is required Experie...,1 Day Ago,https://www.naukri.com/job-listings-gis-intern-s-p-global-inc-ahmedabad-0-to-1-years-140123500697
Naukri,Sales Coordinator,Reframat ,5.0,2 Reviews,0-5 Yrs ,"2,50,000 - 7,50,000 PA. ","Ahmedabad, Kolkata, Delhi / NCR "," Having Good knowledge of computers, specially Excel for data mapping, reporting, sales ...",1 Day Ago,https://www.naukri.com/job-listings-sales-coordinator-reframat-kolkata-ahmedabad-delhi-ncr-0-to-5-years-091222005315
Naukri,Business Analytics Role - KPO,Huquo Consulting Pvt. Ltd,,,1-2 Yrs ,Not disclosed ,"Ahmedabad, Kolkata, Mumbai, Hyderabad/Secunderabad, Lucknow, Chennai, Bangalore/Bengaluru, Delhi / NCR "," Must have strong capabilities in problem solving, managing own work diligently, thoroug...",20 Days Ago,https://www.naukri.com/job-listings-business-analytics-role-kpo-huquo-consulting-pvt-ltd-kolkata-mumbai-hyderabad-secunderabad-lucknow-chennai-ahmedabad-bangalore-bengaluru-delhi-ncr-1-to-2-years-261222909067
Naukri,Business Analytics Role - KPO,Huquo Consulting Pvt. Ltd,,,1-2 Yrs ,Not disclosed ,"Ahmedabad, Kolkata, Mumbai, Hyderabad/Secunderabad, Pune, Chennai, Bangalore/Bengaluru, Delhi / NCR "," Must have strong capabilities in problem solving, managing own work diligently, thoroug...",20 Days Ago,https://www.naukri.com/job-listings-business-analytics-role-kpo-huquo-consulting-pvt-ltd-kolkata-mumbai-hyderabad-secunderabad-pune-chennai-ahmedabad-bangalore-bengaluru-delhi-ncr-1-to-2-years-261222908890
Naukri,MIS Executive,Unipath Specialty Laboratory,4.2,51 Reviews,3-6 Yrs ,"3,00,000 - 4,50,000 PA. ",Ahmedabad , Monitoring Monthly Plan of Sales Team.Track Target vs Achievement of Team.Perpare MIS R...,25 Days Ago,https://www.naukri.com/job-listings-mis-executive-unipath-specialty-laboratory-ahmedabad-3-to-6-years-211222010153
Naukri,GRE (Guest Relation Executive),Evolve Technologies And Services,,,0-5 Yrs ,Not disclosed ,"Ahmedabad(Ambawadi), Mumbai, Mumbai Suburban ", Preferred - Female Candidates Time:- (Would require to work in shift) Day / Afternoon S...,18 Days Ago,https://www.naukri.com/job-listings-gre-guest-relation-executive-evolve-technologies-and-services-mumbai-mumbai-suburban-ahmedabad-0-to-5-years-281222004990
Naukri,Back Office Executive,Weldew Remedies,,,0-2 Yrs ,"1,25,000 - 1,75,000 PA. ",Ahmedabad , Bachelors degree in business administration or similar fieldKnowledge of computer opera...,22 Days Ago,https://www.naukri.com/job-listings-back-office-executive-weldew-remedies-ahmedabad-0-to-2-years-241222005837
Naukri,Walk In - Area Sales Executive - Gujarat,Exide,3.7,1446 Reviews,2-7 Yrs ,"2,00,000 - 5,50,000 PA. ","Ahmedabad, Mehsana, Jamnagar, Rajkot, Vadodara ", Expand the business network through appointment of new dealers and motivating the exist...,2 Days Ago,https://www.naukri.com/job-listings-walk-in-area-sales-executive-gujarat-exide-mehsana-jamnagar-ahmedabad-rajkot-vadodara-baroda-2-to-7-years-130123009377
Naukri,SEO Executive,Asstron E-Services,4.7,7 Reviews,0-2 Yrs ,Not disclosed ,Ahmedabad , Should be updated to current practices and Google UpdatesProven working experience in S...,30+ Days Ago,https://www.naukri.com/job-listings-seo-executive-astron-e-services-pvt-ltd-ahmedabad-0-to-2-years-261022501772
Naukri,Trainee/ Executive HR & Admin,Furmats Marketing,5.0,2 Reviews,0-2 Yrs ,"2,00,000 - 3,50,000 PA. ","Ahmedabad, Kolkata, New Delhi ", Preference only female candidates Graduation preferably from Science/ Commerce / Mathem...,30+ Days Ago,https://www.naukri.com/job-listings-trainee-executive-hr-admin-furmats-marketing-kolkata-new-delhi-ahmedabad-0-to-2-years-151222009225
Naukri,Support Executive,Innova Systems,2.7,24 Reviews,0-2 Yrs ,Not disclosed ,Ahmedabad , Job Description: Acting as a first point of contact: dealing with correspondence and ph...,30+ Days Ago,https://www.naukri.com/job-listings-support-executive-innova-systems-ahmedabad-0-to-2-years-151220500318
Naukri,Guest Relations Executive,Busisol Sourcing (India),,,0-4 Yrs ,Not disclosed ,"Ahmedabad, New Delhi ", Desired Profile :Experience : 0-4 yrs Qualification : Graduate in hotel management MBA ...,30+ Days Ago,https://www.naukri.com/job-listings-guest-relations-executive-busisol-sourcing-india-pvt-ltd-new-delhi-ahmedabad-0-to-4-years-151122501142
Naukri,Assistant Back Office Executive,Mycityahmedabad,,,0-2 Yrs ,Not disclosed ,Ahmedabad , Job Description: Candidate should be HSC / any Graduate. Should have knowledge of Compu...,30+ Days Ago,https://www.naukri.com/job-listings-assistant-back-office-executive-mycityahmedabad-ahmedabad-0-to-2-years-150720500014
Naukri,Sales Executive,Post A Resume,4.3,14 Reviews,0-1 Yrs ,Not disclosed ,Ahmedabad , Required Primary Skills: Store to Store marketing is most requiredGood understanding of...,30+ Days Ago,https://www.naukri.com/job-listings-sales-executive-post-a-resume-hr-consultancy-ahmedabad-0-to-1-years-130819500947
Naukri,Corporate Sales Executive,Post A Resume,4.3,14 Reviews,0-3 Yrs ,Not disclosed ,Ahmedabad ," Graduates preferred from BCom, BBA and MBA having excellent communication skill in Engl...",30+ Days Ago,https://www.naukri.com/job-listings-corporate-sales-executive-post-a-resume-hr-consultancy-ahmedabad-0-to-3-years-080922500658
Naukri,Customer Care Executive,Amy Cab - Online Cab Booking,,,0-3 Yrs ,Not disclosed ,Ahmedabad , Required Skills: Candidates with good communication in Gujarati and Hindi along with En...,30+ Days Ago,https://www.naukri.com/job-listings-customer-care-executive-amy-cab-online-cab-booking-ahmedabad-0-to-3-years-020119500655
Naukri,Senior Manager - Analytics,Huquo Consulting Pvt. Ltd,,,5-9 Yrs ,Not disclosed ,"Ahmedabad, Kolkata, Mumbai, Hyderabad/Secunderabad, Pune, Chennai, Delhi / NCR, Bangalore/Bengaluru ", Experience with popular web application Must be able to clearly document functional req...,3 Days Ago,https://www.naukri.com/job-listings-senior-manager-analytics-huquo-consulting-pvt-ltd-kolkata-mumbai-hyderabad-secunderabad-pune-chennai-ahmedabad-delhi-ncr-bangalore-bengaluru-5-to-9-years-120123913065
Naukri,Assistant Manager/Senior Manager - Credit Risk Strategy - Financial,Huquo Consulting Pvt. Ltd,,,3-8 Yrs ,Not disclosed ,"Ahmedabad, Kolkata, Mumbai, Hyderabad/Secunderabad, Lucknow, Chennai, Bangalore/Bengaluru, Delhi / NCR ", Perform other related duties as required and assigned Excellent SQL or SAS skills: exte...,3 Days Ago,https://www.naukri.com/job-listings-assistant-manager-senior-manager-credit-risk-strategy-financial-huquo-consulting-pvt-ltd-kolkata-mumbai-hyderabad-secunderabad-lucknow-chennai-ahmedabad-bangalore-bengaluru-delhi-ncr-3-to-8-years-120123913290
Naukri,Manager/Senior Manager - Credit Risk Domain - IIT/NIT/IIM/XLRI,Huquo Consulting Pvt. Ltd,,,3-7 Yrs ,Not disclosed ,"Ahmedabad, Kolkata, Mumbai, Hyderabad/Secunderabad, Lucknow, Chennai, Bangalore/Bengaluru, Delhi / NCR ", Perform other related duties as required and assigned The group directly manages the cr...,3 Days Ago,https://www.naukri.com/job-listings-manager-senior-manager-credit-risk-domain-iit-nit-iim-xlri-huquo-consulting-pvt-ltd-kolkata-mumbai-hyderabad-secunderabad-lucknow-chennai-ahmedabad-bangalore-bengaluru-delhi-ncr-3-to-7-years-120123913175
Naukri,IDT- Knowledge & Solutions - Sr. Associate - Leading Tax Advisory Firm,Munsar Services ,,,3-5 Yrs ,Not disclosed ,"Hybrid - Ahmedabad, Kolkata, Hyderabad/Secunderabad, Pune, Chennai, Bangalore/Bengaluru, Delhi / NCR, Mumbai (All Areas) ", Good command over MS Excel and MS Power Point - can use formulas and comfortable with c...,2 Days Ago,https://www.naukri.com/job-listings-idt-knowledge-solutions-sr-associate-leading-tax-advisory-firm-munsar-services-kolkata-hyderabad-secunderabad-pune-ahmedabad-chennai-bangalore-bengaluru-delhi-ncr-mumbai-all-areas-3-to-5-years-110422009543
Naukri,Senior Associate,Delhivery,4.1,3858 Reviews,1-4 Yrs ,Not disclosed ,Ahmedabad , Should be one stop solution for clients queries and complaints Proficient in MS office ...,30+ Days Ago,https://www.naukri.com/job-listings-senior-associate-delhivery-ahmedabad-1-to-4-years-181122501193
Naukri,Business Development Executive,Newedge Overseas,,,1-2 Yrs ,Not disclosed ,Ahmedabad , Good Interpersonal and Effective communication (Writing and Speaking) Very Good Command...,30+ Days Ago,https://www.naukri.com/job-listings-business-development-executive-newedge-overseas-ahmedabad-1-to-2-years-181022501521
Naukri,LTIMindtree is looking For C/C++ developer,Mindtree,4.0,3774 Reviews,6-11 Yrs ,Not disclosed ,"Hybrid - Ahmedabad, Kolkata, Hyderabad/Secunderabad, Pune, Chennai, Bangalore/Bengaluru, Delhi / NCR, Mumbai (All Areas) ", C and C++ - Prepare and execute batch scripts Good communication and interpersonal skil...,11 Days Ago,https://www.naukri.com/job-listings-ltimindtree-is-looking-for-c-c-developer-mindtree-kolkata-hyderabad-secunderabad-pune-ahmedabad-chennai-bangalore-bengaluru-delhi-ncr-mumbai-all-areas-6-to-11-years-040123011006
Naukri,DataStage Developer - PAN India,Tata Consultancy Services (TCS),3.9,50526 Reviews,1-6 Yrs ,Not disclosed ,"Ahmedabad, Kolkata, Hyderabad/Secunderabad, Pune, Chennai, Bangalore/Bengaluru, Delhi / NCR, Mumbai (All Areas) "," Minimum 2 years of development experience in IBM DataStage, IBM Information Analyzer, S...",13 Days Ago,https://www.naukri.com/job-listings-datastage-developer-pan-india-tata-consultancy-services-tcs-kolkata-hyderabad-secunderabad-pune-ahmedabad-chennai-bangalore-bengaluru-delhi-ncr-mumbai-all-areas-1-to-6-years-020123001716
Naukri,Apprentice,S&P Global Inc.,4.3,1059 Reviews,0-1 Yrs ,Not disclosed ,"Ahmedabad, Hyderabad/Secunderabad, Gurgaon/Gurugram ", Willing to work in 24*5 environment on rotational shifts MBA / BBA/Any Non-Tech Graduat...,11 Days Ago,https://www.naukri.com/job-listings-apprentice-s-p-global-inc-hyderabad-secunderabad-gurgaon-gurugram-ahmedabad-0-to-1-years-040123500004
Naukri,Senior Executive Accounts,Biotech Vision Care,3.5,61 Reviews,4-7 Yrs ,Not disclosed ,Ahmedabad ," Preparing Various Data For Different Requirement for Management, Statutory Auditors, an...",2 Days Ago,https://www.naukri.com/job-listings-senior-executive-accounts-biotech-vision-care-ahmedabad-4-to-7-years-130123006124
Naukri,Sales Engineer/Sr. Sales Engineer-Renewables,Selec Controls,3.6,200 Reviews,4-6 Yrs ,Not disclosed ,"Ahmedabad, Kolkata, Mumbai, Navi Mumbai, Chennai, Bangalore/Bengaluru ", Proposal and tracking of certifications & product approvals as per market requirement f...,9 Days Ago,https://www.naukri.com/job-listings-sales-engineer-sr-sales-engineer-renewables-selec-controls-pvt-ltd-kolkata-mumbai-navi-mumbai-ahmedabad-chennai-bangalore-bengaluru-4-to-6-years-060123608517
Naukri,Opportunity For BioStatistician - II/Sr/Principal - Homebased/Blg/Mum/,PPD,4.3,146 Reviews,4-9 Yrs ,Not disclosed ,"Ahmedabad, Mumbai, Hyderabad/Secunderabad, Pune, Chennai, Bangalore/Bengaluru, Delhi / NCR ", minimum of four years experience requiredMinimum of 5 years experience with PhDProven p...,13 Days Ago,https://www.naukri.com/job-listings-opportunity-for-biostatistician-ii-sr-principal-homebased-blg-mum-ppd-mumbai-hyderabad-secunderabad-pune-ahmedabad-chennai-bangalore-bengaluru-delhi-ncr-4-to-9-years-221019007992
Naukri,Business Development Executive,Technical Recruiter,,,1-4 Yrs ,"4,00,000 - 8,00,000 PA. ","Ahmedabad, Vapi, Mumbai (All Areas) ", 1. Oversee the sales process to attract new clients. 2. Work with senior team members t...,30+ Days Ago,https://www.naukri.com/job-listings-business-development-executive-technical-recruiter-vapi-ahmedabad-mumbai-all-areas-1-to-4-years-151222009776
linkedIn,Data Analyst,S&P Global,,,,,"Ahmedabad, Gujarat, India",Actively Hiring,2 weeks ago,https://in.linkedin.com/jobs/view/data-analyst-at-s-p-global-3392228397?refId=OszpbrPeNgTg4Xyanra8hA%3D%3D&trackingId=tHjFVSJqqjqb1SDQNapRwg%3D%3D&position=1&pageNum=0&trk=public_jobs_jserp-result_search-card
linkedIn,Data Analyst,S&P Global,,,,,"Ahmedabad, Gujarat, India",Actively Hiring,1 week ago,https://in.linkedin.com/jobs/view/data-analyst-at-s-p-global-3425911814?refId=OszpbrPeNgTg4Xyanra8hA%3D%3D&trackingId=xzomX%2BjWfQR0xeIWSk4DAw%3D%3D&position=2&pageNum=0&trk=public_jobs_jserp-result_search-card
linkedIn,Data Analyst,S&P Global,,,,,"Ahmedabad, Gujarat, India",Actively Hiring,1 week ago,https://in.linkedin.com/jobs/view/data-analyst-at-s-p-global-3399204226?refId=OszpbrPeNgTg4Xyanra8hA%3D%3D&trackingId=bOwri7QgjcxDP2lVLNJF2g%3D%3D&position=3&pageNum=0&trk=public_jobs_jserp-result_search-card
linkedIn,Data Analyst,S&P Global,,,,,"Ahmedabad, Gujarat, India",Actively Hiring,6 days ago,https://in.linkedin.com/jobs/view/data-analyst-at-s-p-global-3432695715?refId=OszpbrPeNgTg4Xyanra8hA%3D%3D&trackingId=gjFL%2BKUdKekhjssfNQ3b5w%3D%3D&position=4&pageNum=0&trk=public_jobs_jserp-result_search-card
linkedIn,Data Analyst,Materra,,,,,"Ahmedabad, Gujarat, India",Actively Hiring,1 week ago,https://in.linkedin.com/jobs/view/data-analyst-at-materra-3425949608?refId=OszpbrPeNgTg4Xyanra8hA%3D%3D&trackingId=1yoeIzm7AIRk%2BcXQ%2Fn8cew%3D%3D&position=5&pageNum=0&trk=public_jobs_jserp-result_search-card
linkedIn,Data Analyst,ORCAPOD CONSULTING SERVICES PRIVATE LIMITED,,,,,"Ahmedabad, Gujarat, India",Be an early applicant,3 weeks ago,https://in.linkedin.com/jobs/view/data-analyst-at-orcapod-consulting-services-private-limited-3437299147?refId=OszpbrPeNgTg4Xyanra8hA%3D%3D&trackingId=bjcN979L73T%2BC%2FlPX4%2FZTA%3D%3D&position=6&pageNum=0&trk=public_jobs_jserp-result_search-card
linkedIn,Sr. Data Analyst (Complex SQL expert) - Remote,Adit,,,,,"Ahmedabad, Gujarat, India",Actively Hiring,1 week ago,https://in.linkedin.com/jobs/view/sr-data-analyst-complex-sql-expert-remote-at-adit-3429449084?refId=OszpbrPeNgTg4Xyanra8hA%3D%3D&trackingId=FS6lbgyc4Hc4IxPbocZziA%3D%3D&position=7&pageNum=0&trk=public_jobs_jserp-result_search-card
linkedIn,Hiring Junior Data Research,Vedlogic Solutions Pvt. Ltd.,,,,,"Ahmedabad, Gujarat, India",,1 week ago,https://in.linkedin.com/jobs/view/hiring-junior-data-research-at-vedlogic-solutions-pvt-ltd-3422086434?refId=OszpbrPeNgTg4Xyanra8hA%3D%3D&trackingId=e3At4ryZevjHczwf6uI6Xg%3D%3D&position=8&pageNum=0&trk=public_jobs_jserp-result_search-card
linkedIn,Financial Data Analyst / Financial Analyst,Conga,,,,,"Ahmedabad, Gujarat, India",Actively Hiring,1 week ago,https://in.linkedin.com/jobs/view/financial-data-analyst-financial-analyst-at-conga-3423009636?refId=OszpbrPeNgTg4Xyanra8hA%3D%3D&trackingId=t0i1RnddZcdIGQ96oldnGg%3D%3D&position=9&pageNum=0&trk=public_jobs_jserp-result_search-card
linkedIn,Senior Data Analyst - SQL/Python,Huptech HR Solutions,,,,,"Ahmedabad, Gujarat, India",Be an early applicant,3 weeks ago,https://in.linkedin.com/jobs/view/senior-data-analyst-sql-python-at-huptech-hr-solutions-3434576559?refId=OszpbrPeNgTg4Xyanra8hA%3D%3D&trackingId=e4m1O5frVGeoIED%2BPyJifQ%3D%3D&position=10&pageNum=0&trk=public_jobs_jserp-result_search-card
linkedIn,Data Researcher I,S&P Global,,,,,"Ahmedabad, Gujarat, India",Actively Hiring,5 days ago,https://in.linkedin.com/jobs/view/data-researcher-i-at-s-p-global-3251061224?refId=OszpbrPeNgTg4Xyanra8hA%3D%3D&trackingId=QRQKdlVk%2Buio7%2F5KtOWVVA%3D%3D&position=11&pageNum=0&trk=public_jobs_jserp-result_search-card
linkedIn,Senior Data Analyst,Huptech HR Solutions,,,,,"Ahmedabad, Gujarat, India",Be an early applicant,3 weeks ago,https://in.linkedin.com/jobs/view/senior-data-analyst-at-huptech-hr-solutions-3434578480?refId=OszpbrPeNgTg4Xyanra8hA%3D%3D&trackingId=QbnLFFP0v2JYiI%2B%2F3kg9nA%3D%3D&position=12&pageNum=0&trk=public_jobs_jserp-result_search-card
linkedIn,Data Researcher I,S&P Global,,,,,"Ahmedabad, Gujarat, India",Actively Hiring,5 days ago,https://in.linkedin.com/jobs/view/data-researcher-i-at-s-p-global-3251054952?refId=OszpbrPeNgTg4Xyanra8hA%3D%3D&trackingId=sMnGE7oIIOKBAGwb1yNw%2Bw%3D%3D&position=13&pageNum=0&trk=public_jobs_jserp-result_search-card
linkedIn,Data Researcher I,S&P Global,,,,,"Ahmedabad, Gujarat, India",Actively Hiring,1 week ago,https://in.linkedin.com/jobs/view/data-researcher-i-at-s-p-global-3251060345?refId=OszpbrPeNgTg4Xyanra8hA%3D%3D&trackingId=mCJouspUN7V4EQ3686iMgQ%3D%3D&position=14&pageNum=0&trk=public_jobs_jserp-result_search-card
linkedIn,BI/Power BI,Stridely Solutions,,,,,"Ahmedabad, Gujarat, India",Actively Hiring,1 month ago,https://in.linkedin.com/jobs/view/bi-power-bi-at-stridely-solutions-3432695302?refId=OszpbrPeNgTg4Xyanra8hA%3D%3D&trackingId=TeG0wXCvuvCkvOYzKk0LWw%3D%3D&position=15&pageNum=0&trk=public_jobs_jserp-result_search-card
linkedIn,Data Engineer,Anblicks,,,,,"Ahmedabad, Gujarat, India",Actively Hiring,1 week ago,https://in.linkedin.com/jobs/view/data-engineer-at-anblicks-3422402435?refId=OszpbrPeNgTg4Xyanra8hA%3D%3D&trackingId=OxeLqJDddessaDEYUt6AbA%3D%3D&position=16&pageNum=0&trk=public_jobs_jserp-result_search-card
linkedIn,Senior Data Analyst,Light Microfinance Pvt. Ltd.,,,,,"Ahmedabad, Gujarat, India",Actively Hiring,2 weeks ago,https://in.linkedin.com/jobs/view/senior-data-analyst-at-light-microfinance-pvt-ltd-3373681950?refId=OszpbrPeNgTg4Xyanra8hA%3D%3D&trackingId=R6m5QgGD6plkTr%2FLvfBbcg%3D%3D&position=17&pageNum=0&trk=public_jobs_jserp-result_search-card
linkedIn,Data Engineer,eInfochips (An Arrow Company),,,,,"Ahmedabad, Gujarat, India",Actively Hiring,2 days ago,https://in.linkedin.com/jobs/view/data-engineer-at-einfochips-an-arrow-company-3432392782?refId=OszpbrPeNgTg4Xyanra8hA%3D%3D&trackingId=icqtiMofAxhVixlu3y1nLg%3D%3D&position=18&pageNum=0&trk=public_jobs_jserp-result_search-card
linkedIn,"Data Analyst/Modeler,Business Analyst",sp solutions,,,,,"Ahmedabad, Gujarat, India",Be an early applicant,3 weeks ago,https://in.linkedin.com/jobs/view/data-analyst-modeler-business-analyst-at-sp-solutions-3430309847?refId=OszpbrPeNgTg4Xyanra8hA%3D%3D&trackingId=HSc9JjjtovAgxFSuoftJfQ%3D%3D&position=19&pageNum=0&trk=public_jobs_jserp-result_search-card
linkedIn,Data Engineer,Simform,,,,,"Ahmedabad, Gujarat, India",Actively Hiring,1 month ago,https://in.linkedin.com/jobs/view/data-engineer-at-simform-3403865703?refId=OszpbrPeNgTg4Xyanra8hA%3D%3D&trackingId=8bf9muGlAikDbHcV0Cbhhg%3D%3D&position=20&pageNum=0&trk=public_jobs_jserp-result_search-card
linkedIn,Data Analyst/Statistician,sp solutions,,,,,"Ahmedabad, Gujarat, India",Be an early applicant,3 weeks ago,https://in.linkedin.com/jobs/view/data-analyst-statistician-at-sp-solutions-3430316131?refId=OszpbrPeNgTg4Xyanra8hA%3D%3D&trackingId=NgnCOS8hPxoDV2QYTUnS3g%3D%3D&position=21&pageNum=0&trk=public_jobs_jserp-result_search-card
linkedIn,Data Engineer,Encora Inc.,,,,,"Ahmedabad, Gujarat, India",Actively Hiring,1 week ago,https://in.linkedin.com/jobs/view/data-engineer-at-encora-inc-3423008791?refId=OszpbrPeNgTg4Xyanra8hA%3D%3D&trackingId=Rt5rRFV7A4LLKtsAQSoKJA%3D%3D&position=22&pageNum=0&trk=public_jobs_jserp-result_search-card
linkedIn,DataAnalyst,Priyanka Vinayak,,,,,"Ahmedabad, Gujarat, India",Be an early applicant,4 days ago,https://in.linkedin.com/jobs/view/dataanalyst-at-priyanka-vinayak-3434759893?refId=OszpbrPeNgTg4Xyanra8hA%3D%3D&trackingId=54D2cCBwLMtN9NWUhH8%2Fyg%3D%3D&position=23&pageNum=0&trk=public_jobs_jserp-result_search-card
linkedIn,Data Engineer - Python/Spark,NICT,,,,,"Ahmedabad, Gujarat, India",Be an early applicant,4 weeks ago,https://in.linkedin.com/jobs/view/data-engineer-python-spark-at-nict-3431192155?refId=OszpbrPeNgTg4Xyanra8hA%3D%3D&trackingId=BSB6dGib9fkL2gXX2s9TMg%3D%3D&position=24&pageNum=0&trk=public_jobs_jserp-result_search-card
linkedIn,Manager/Senior Manager - Data Analyst,HuQuo,,,,,"Ahmedabad, Gujarat, India",Be an early applicant,1 month ago,https://in.linkedin.com/jobs/view/manager-senior-manager-data-analyst-at-huquo-3414109277?refId=OszpbrPeNgTg4Xyanra8hA%3D%3D&trackingId=mX%2BnW%2F1yupcGwfPMQ3q6IA%3D%3D&position=25&pageNum=0&trk=public_jobs_jserp-result_search-card
